<Anims>
 <anim name="healthdamage" root="new_elixirs" numframes="1000" framerate="40">
  <frame idx="0" w="262" h="367" x="2.000008" y="-92.999992">
   <element name="new_elixirs_comp" layername="newelixir_healthdamage" frame="6" z_index="7" m_a="1.200000" m_b="0.000000" m_c="0.000000" m_d="1.200000" m_tx="-118.000000" m_ty="-213.000000"/>
  </frame>
  <frame idx="25" w="262" h="367" x="2.000008" y="-92.999992">
   <element name="new_elixirs_comp" layername="newelixir_healthdamage" frame="6" z_index="7" m_a="1.200000" m_b="0.000000" m_c="0.000000" m_d="1.200000" m_tx="-118.000000" m_ty="-213.000000"/>
  </frame>
  <frame idx="50" w="262" h="367" x="2.000008" y="-92.999992">
   <element name="new_elixirs_comp" layername="newelixir_healthdamage" frame="6" z_index="7" m_a="1.200000" m_b="0.000000" m_c="0.000000" m_d="1.200000" m_tx="-118.000000" m_ty="-213.000000"/>
  </frame>
  <frame idx="75" w="262" h="367" x="2.000008" y="-92.999992">
   <element name="new_elixirs_comp" layername="newelixir_healthdamage" frame="6" z_index="7" m_a="1.200000" m_b="0.000000" m_c="0.000000" m_d="1.200000" m_tx="-118.000000" m_ty="-213.000000"/>
  </frame>
  <frame idx="100" w="262" h="367" x="2.000008" y="-92.999992">
   <element name="new_elixirs_comp" layername="newelixir_healthdamage" frame="6" z_index="7" m_a="1.200000" m_b="0.000000" m_c="0.000000" m_d="1.200000" m_tx="-118.000000" m_ty="-213.000000"/>
  </frame>
  <frame idx="125" w="262" h="367" x="2.000008" y="-92.999992">
   <element name="new_elixirs_comp" layername="newelixir_healthdamage" frame="6" z_index="7" m_a="1.200000" m_b="0.000000" m_c="0.000000" m_d="1.200000" m_tx="-118.000000" m_ty="-213.000000"/>
  </frame>
  <frame idx="150" w="262" h="367" x="2.000008" y="-92.999992">
   <element name="new_elixirs_comp" layername="newelixir_healthdamage" frame="6" z_index="7" m_a="1.200000" m_b="0.000000" m_c="0.000000" m_d="1.200000" m_tx="-118.000000" m_ty="-213.000000"/>
  </frame>
  <frame idx="175" w="262" h="367" x="2.000008" y="-92.999992">
   <element name="new_elixirs_comp" layername="newelixir_healthdamage" frame="6" z_index="7" m_a="1.200000" m_b="0.000000" m_c="0.000000" m_d="1.200000" m_tx="-118.000000" m_ty="-213.000000"/>
  </frame>
  <frame idx="200" w="262" h="367" x="2.000008" y="-92.999992">
   <element name="new_elixirs_comp" layername="newelixir_healthdamage" frame="6" z_index="7" m_a="1.200000" m_b="0.000000" m_c="0.000000" m_d="1.200000" m_tx="-118.000000" m_ty="-213.000000"/>
  </frame>
  <frame idx="225" w="262" h="367" x="2.000008" y="-92.999992">
   <element name="new_elixirs_comp" layername="newelixir_healthdamage" frame="6" z_index="7" m_a="1.200000" m_b="0.000000" m_c="0.000000" m_d="1.200000" m_tx="-118.000000" m_ty="-213.000000"/>
  </frame>
  <frame idx="250" w="262" h="367" x="2.000008" y="-92.999992">
   <element name="new_elixirs_comp" layername="newelixir_healthdamage" frame="6" z_index="7" m_a="1.200000" m_b="0.000000" m_c="0.000000" m_d="1.200000" m_tx="-118.000000" m_ty="-213.000000"/>
  </frame>
  <frame idx="275" w="262" h="367" x="2.000008" y="-92.999992">
   <element name="new_elixirs_comp" layername="newelixir_healthdamage" frame="6" z_index="7" m_a="1.200000" m_b="0.000000" m_c="0.000000" m_d="1.200000" m_tx="-118.000000" m_ty="-213.000000"/>
  </frame>
  <frame idx="300" w="262" h="367" x="2.000008" y="-92.999992">
   <element name="new_elixirs_comp" layername="newelixir_healthdamage" frame="6" z_index="7" m_a="1.200000" m_b="0.000000" m_c="0.000000" m_d="1.200000" m_tx="-118.000000" m_ty="-213.000000"/>
  </frame>
  <frame idx="325" w="262" h="367" x="2.000008" y="-92.999992">
   <element name="new_elixirs_comp" layername="newelixir_healthdamage" frame="6" z_index="7" m_a="1.200000" m_b="0.000000" m_c="0.000000" m_d="1.200000" m_tx="-118.000000" m_ty="-213.000000"/>
  </frame>
  <frame idx="350" w="262" h="367" x="2.000008" y="-92.999992">
   <element name="new_elixirs_comp" layername="newelixir_healthdamage" frame="6" z_index="7" m_a="1.200000" m_b="0.000000" m_c="0.000000" m_d="1.200000" m_tx="-118.000000" m_ty="-213.000000"/>
  </frame>
  <frame idx="375" w="262" h="367" x="2.000008" y="-92.999992">
   <element name="new_elixirs_comp" layername="newelixir_healthdamage" frame="6" z_index="7" m_a="1.200000" m_b="0.000000" m_c="0.000000" m_d="1.200000" m_tx="-118.000000" m_ty="-213.000000"/>
  </frame>
  <frame idx="400" w="262" h="367" x="2.000008" y="-92.999992">
   <element name="new_elixirs_comp" layername="newelixir_healthdamage" frame="6" z_index="7" m_a="1.200000" m_b="0.000000" m_c="0.000000" m_d="1.200000" m_tx="-118.000000" m_ty="-213.000000"/>
  </frame>
  <frame idx="425" w="262" h="367" x="2.000008" y="-92.999992">
   <element name="new_elixirs_comp" layername="newelixir_healthdamage" frame="6" z_index="7" m_a="1.200000" m_b="0.000000" m_c="0.000000" m_d="1.200000" m_tx="-118.000000" m_ty="-213.000000"/>
  </frame>
  <frame idx="450" w="262" h="367" x="2.000008" y="-92.999992">
   <element name="new_elixirs_comp" layername="newelixir_healthdamage" frame="6" z_index="7" m_a="1.200000" m_b="0.000000" m_c="0.000000" m_d="1.200000" m_tx="-118.000000" m_ty="-213.000000"/>
  </frame>
  <frame idx="475" w="262" h="367" x="2.000008" y="-92.999992">
   <element name="new_elixirs_comp" layername="newelixir_healthdamage" frame="6" z_index="7" m_a="1.200000" m_b="0.000000" m_c="0.000000" m_d="1.200000" m_tx="-118.000000" m_ty="-213.000000"/>
  </frame>
  <frame idx="500" w="262" h="367" x="2.000008" y="-92.999992">
   <element name="new_elixirs_comp" layername="newelixir_healthdamage" frame="6" z_index="7" m_a="1.200000" m_b="0.000000" m_c="0.000000" m_d="1.200000" m_tx="-118.000000" m_ty="-213.000000"/>
  </frame>
  <frame idx="525" w="262" h="367" x="2.000008" y="-92.999992">
   <element name="new_elixirs_comp" layername="newelixir_healthdamage" frame="6" z_index="7" m_a="1.200000" m_b="0.000000" m_c="0.000000" m_d="1.200000" m_tx="-118.000000" m_ty="-213.000000"/>
  </frame>
  <frame idx="550" w="262" h="367" x="2.000008" y="-92.999992">
   <element name="new_elixirs_comp" layername="newelixir_healthdamage" frame="6" z_index="7" m_a="1.200000" m_b="0.000000" m_c="0.000000" m_d="1.200000" m_tx="-118.000000" m_ty="-213.000000"/>
  </frame>
  <frame idx="575" w="262" h="367" x="2.000008" y="-92.999992">
   <element name="new_elixirs_comp" layername="newelixir_healthdamage" frame="6" z_index="7" m_a="1.200000" m_b="0.000000" m_c="0.000000" m_d="1.200000" m_tx="-118.000000" m_ty="-213.000000"/>
  </frame>
  <frame idx="600" w="262" h="367" x="2.000008" y="-92.999992">
   <element name="new_elixirs_comp" layername="newelixir_healthdamage" frame="6" z_index="7" m_a="1.200000" m_b="0.000000" m_c="0.000000" m_d="1.200000" m_tx="-118.000000" m_ty="-213.000000"/>
  </frame>
  <frame idx="625" w="262" h="367" x="2.000008" y="-92.999992">
   <element name="new_elixirs_comp" layername="newelixir_healthdamage" frame="6" z_index="7" m_a="1.200000" m_b="0.000000" m_c="0.000000" m_d="1.200000" m_tx="-118.000000" m_ty="-213.000000"/>
  </frame>
  <frame idx="650" w="262" h="367" x="2.000008" y="-92.999992">
   <element name="new_elixirs_comp" layername="newelixir_healthdamage" frame="6" z_index="7" m_a="1.200000" m_b="0.000000" m_c="0.000000" m_d="1.200000" m_tx="-118.000000" m_ty="-213.000000"/>
  </frame>
  <frame idx="675" w="262" h="367" x="2.000008" y="-92.999992">
   <element name="new_elixirs_comp" layername="newelixir_healthdamage" frame="6" z_index="7" m_a="1.200000" m_b="0.000000" m_c="0.000000" m_d="1.200000" m_tx="-118.000000" m_ty="-213.000000"/>
  </frame>
  <frame idx="700" w="262" h="367" x="2.000008" y="-92.999992">
   <element name="new_elixirs_comp" layername="newelixir_healthdamage" frame="6" z_index="7" m_a="1.200000" m_b="0.000000" m_c="0.000000" m_d="1.200000" m_tx="-118.000000" m_ty="-213.000000"/>
  </frame>
  <frame idx="725" w="262" h="367" x="2.000008" y="-92.999992">
   <element name="new_elixirs_comp" layername="newelixir_healthdamage" frame="6" z_index="7" m_a="1.200000" m_b="0.000000" m_c="0.000000" m_d="1.200000" m_tx="-118.000000" m_ty="-213.000000"/>
  </frame>
  <frame idx="750" w="262" h="367" x="2.000008" y="-92.999992">
   <element name="new_elixirs_comp" layername="newelixir_healthdamage" frame="6" z_index="7" m_a="1.200000" m_b="0.000000" m_c="0.000000" m_d="1.200000" m_tx="-118.000000" m_ty="-213.000000"/>
  </frame>
  <frame idx="775" w="262" h="367" x="2.000008" y="-92.999992">
   <element name="new_elixirs_comp" layername="newelixir_healthdamage" frame="6" z_index="7" m_a="1.200000" m_b="0.000000" m_c="0.000000" m_d="1.200000" m_tx="-118.000000" m_ty="-213.000000"/>
  </frame>
  <frame idx="800" w="262" h="367" x="2.000008" y="-92.999992">
   <element name="new_elixirs_comp" layername="newelixir_healthdamage" frame="6" z_index="7" m_a="1.200000" m_b="0.000000" m_c="0.000000" m_d="1.200000" m_tx="-118.000000" m_ty="-213.000000"/>
  </frame>
  <frame idx="825" w="262" h="367" x="2.000008" y="-92.999992">
   <element name="new_elixirs_comp" layername="newelixir_healthdamage" frame="6" z_index="7" m_a="1.200000" m_b="0.000000" m_c="0.000000" m_d="1.200000" m_tx="-118.000000" m_ty="-213.000000"/>
  </frame>
  <frame idx="850" w="262" h="367" x="2.000008" y="-92.999992">
   <element name="new_elixirs_comp" layername="newelixir_healthdamage" frame="6" z_index="7" m_a="1.200000" m_b="0.000000" m_c="0.000000" m_d="1.200000" m_tx="-118.000000" m_ty="-213.000000"/>
  </frame>
  <frame idx="875" w="262" h="367" x="2.000008" y="-92.999992">
   <element name="new_elixirs_comp" layername="newelixir_healthdamage" frame="6" z_index="7" m_a="1.200000" m_b="0.000000" m_c="0.000000" m_d="1.200000" m_tx="-118.000000" m_ty="-213.000000"/>
  </frame>
  <frame idx="900" w="262" h="367" x="2.000008" y="-92.999992">
   <element name="new_elixirs_comp" layername="newelixir_healthdamage" frame="6" z_index="7" m_a="1.200000" m_b="0.000000" m_c="0.000000" m_d="1.200000" m_tx="-118.000000" m_ty="-213.000000"/>
  </frame>
  <frame idx="925" w="262" h="367" x="2.000008" y="-92.999992">
   <element name="new_elixirs_comp" layername="newelixir_healthdamage" frame="6" z_index="7" m_a="1.200000" m_b="0.000000" m_c="0.000000" m_d="1.200000" m_tx="-118.000000" m_ty="-213.000000"/>
  </frame>
  <frame idx="950" w="262" h="367" x="2.000008" y="-92.999992">
   <element name="new_elixirs_comp" layername="newelixir_healthdamage" frame="6" z_index="7" m_a="1.200000" m_b="0.000000" m_c="0.000000" m_d="1.200000" m_tx="-118.000000" m_ty="-213.000000"/>
  </frame>
  <frame idx="975" w="262" h="367" x="2.000008" y="-92.999992">
   <element name="new_elixirs_comp" layername="newelixir_healthdamage" frame="6" z_index="7" m_a="1.200000" m_b="0.000000" m_c="0.000000" m_d="1.200000" m_tx="-118.000000" m_ty="-213.000000"/>
  </frame>
 </anim>
 <anim name="shadowfighter" root="new_elixirs" numframes="1000" framerate="40">
  <frame idx="0" w="264" h="367" x="0.118172" y="-92.488792">
   <element name="new_elixirs_comp" layername="newelixir_shadowfighter" frame="0" z_index="7" m_a="1.200000" m_b="0.000000" m_c="0.000000" m_d="1.200000" m_tx="-119.881844" m_ty="-212.488800"/>
  </frame>
  <frame idx="25" w="264" h="367" x="0.118172" y="-92.488792">
   <element name="new_elixirs_comp" layername="newelixir_shadowfighter" frame="0" z_index="7" m_a="1.200000" m_b="0.000000" m_c="0.000000" m_d="1.200000" m_tx="-119.881844" m_ty="-212.488800"/>
  </frame>
  <frame idx="50" w="264" h="367" x="0.118172" y="-92.488792">
   <element name="new_elixirs_comp" layername="newelixir_shadowfighter" frame="0" z_index="7" m_a="1.200000" m_b="0.000000" m_c="0.000000" m_d="1.200000" m_tx="-119.881844" m_ty="-212.488800"/>
  </frame>
  <frame idx="75" w="264" h="367" x="0.118172" y="-92.488792">
   <element name="new_elixirs_comp" layername="newelixir_shadowfighter" frame="0" z_index="7" m_a="1.200000" m_b="0.000000" m_c="0.000000" m_d="1.200000" m_tx="-119.881844" m_ty="-212.488800"/>
  </frame>
  <frame idx="100" w="264" h="367" x="0.118172" y="-92.488792">
   <element name="new_elixirs_comp" layername="newelixir_shadowfighter" frame="0" z_index="7" m_a="1.200000" m_b="0.000000" m_c="0.000000" m_d="1.200000" m_tx="-119.881844" m_ty="-212.488800"/>
  </frame>
  <frame idx="125" w="264" h="367" x="0.118172" y="-92.488792">
   <element name="new_elixirs_comp" layername="newelixir_shadowfighter" frame="0" z_index="7" m_a="1.200000" m_b="0.000000" m_c="0.000000" m_d="1.200000" m_tx="-119.881844" m_ty="-212.488800"/>
  </frame>
  <frame idx="150" w="264" h="367" x="0.118172" y="-92.488792">
   <element name="new_elixirs_comp" layername="newelixir_shadowfighter" frame="0" z_index="7" m_a="1.200000" m_b="0.000000" m_c="0.000000" m_d="1.200000" m_tx="-119.881844" m_ty="-212.488800"/>
  </frame>
  <frame idx="175" w="264" h="367" x="0.118172" y="-92.488792">
   <element name="new_elixirs_comp" layername="newelixir_shadowfighter" frame="0" z_index="7" m_a="1.200000" m_b="0.000000" m_c="0.000000" m_d="1.200000" m_tx="-119.881844" m_ty="-212.488800"/>
  </frame>
  <frame idx="200" w="264" h="367" x="0.118172" y="-92.488792">
   <element name="new_elixirs_comp" layername="newelixir_shadowfighter" frame="0" z_index="7" m_a="1.200000" m_b="0.000000" m_c="0.000000" m_d="1.200000" m_tx="-119.881844" m_ty="-212.488800"/>
  </frame>
  <frame idx="225" w="264" h="367" x="0.118172" y="-92.488792">
   <element name="new_elixirs_comp" layername="newelixir_shadowfighter" frame="0" z_index="7" m_a="1.200000" m_b="0.000000" m_c="0.000000" m_d="1.200000" m_tx="-119.881844" m_ty="-212.488800"/>
  </frame>
  <frame idx="250" w="264" h="367" x="0.118172" y="-92.488792">
   <element name="new_elixirs_comp" layername="newelixir_shadowfighter" frame="0" z_index="7" m_a="1.200000" m_b="0.000000" m_c="0.000000" m_d="1.200000" m_tx="-119.881844" m_ty="-212.488800"/>
  </frame>
  <frame idx="275" w="264" h="367" x="0.118172" y="-92.488792">
   <element name="new_elixirs_comp" layername="newelixir_shadowfighter" frame="0" z_index="7" m_a="1.200000" m_b="0.000000" m_c="0.000000" m_d="1.200000" m_tx="-119.881844" m_ty="-212.488800"/>
  </frame>
  <frame idx="300" w="264" h="367" x="0.118172" y="-92.488792">
   <element name="new_elixirs_comp" layername="newelixir_shadowfighter" frame="0" z_index="7" m_a="1.200000" m_b="0.000000" m_c="0.000000" m_d="1.200000" m_tx="-119.881844" m_ty="-212.488800"/>
  </frame>
  <frame idx="325" w="264" h="367" x="0.118172" y="-92.488792">
   <element name="new_elixirs_comp" layername="newelixir_shadowfighter" frame="0" z_index="7" m_a="1.200000" m_b="0.000000" m_c="0.000000" m_d="1.200000" m_tx="-119.881844" m_ty="-212.488800"/>
  </frame>
  <frame idx="350" w="264" h="367" x="0.118172" y="-92.488792">
   <element name="new_elixirs_comp" layername="newelixir_shadowfighter" frame="0" z_index="7" m_a="1.200000" m_b="0.000000" m_c="0.000000" m_d="1.200000" m_tx="-119.881844" m_ty="-212.488800"/>
  </frame>
  <frame idx="375" w="264" h="367" x="0.118172" y="-92.488792">
   <element name="new_elixirs_comp" layername="newelixir_shadowfighter" frame="0" z_index="7" m_a="1.200000" m_b="0.000000" m_c="0.000000" m_d="1.200000" m_tx="-119.881844" m_ty="-212.488800"/>
  </frame>
  <frame idx="400" w="264" h="367" x="0.118172" y="-92.488792">
   <element name="new_elixirs_comp" layername="newelixir_shadowfighter" frame="0" z_index="7" m_a="1.200000" m_b="0.000000" m_c="0.000000" m_d="1.200000" m_tx="-119.881844" m_ty="-212.488800"/>
  </frame>
  <frame idx="425" w="264" h="367" x="0.118172" y="-92.488792">
   <element name="new_elixirs_comp" layername="newelixir_shadowfighter" frame="0" z_index="7" m_a="1.200000" m_b="0.000000" m_c="0.000000" m_d="1.200000" m_tx="-119.881844" m_ty="-212.488800"/>
  </frame>
  <frame idx="450" w="264" h="367" x="0.118172" y="-92.488792">
   <element name="new_elixirs_comp" layername="newelixir_shadowfighter" frame="0" z_index="7" m_a="1.200000" m_b="0.000000" m_c="0.000000" m_d="1.200000" m_tx="-119.881844" m_ty="-212.488800"/>
  </frame>
  <frame idx="475" w="264" h="367" x="0.118172" y="-92.488792">
   <element name="new_elixirs_comp" layername="newelixir_shadowfighter" frame="0" z_index="7" m_a="1.200000" m_b="0.000000" m_c="0.000000" m_d="1.200000" m_tx="-119.881844" m_ty="-212.488800"/>
  </frame>
  <frame idx="500" w="264" h="367" x="0.118172" y="-92.488792">
   <element name="new_elixirs_comp" layername="newelixir_shadowfighter" frame="0" z_index="7" m_a="1.200000" m_b="0.000000" m_c="0.000000" m_d="1.200000" m_tx="-119.881844" m_ty="-212.488800"/>
  </frame>
  <frame idx="525" w="264" h="367" x="0.118172" y="-92.488792">
   <element name="new_elixirs_comp" layername="newelixir_shadowfighter" frame="0" z_index="7" m_a="1.200000" m_b="0.000000" m_c="0.000000" m_d="1.200000" m_tx="-119.881844" m_ty="-212.488800"/>
  </frame>
  <frame idx="550" w="264" h="367" x="0.118172" y="-92.488792">
   <element name="new_elixirs_comp" layername="newelixir_shadowfighter" frame="0" z_index="7" m_a="1.200000" m_b="0.000000" m_c="0.000000" m_d="1.200000" m_tx="-119.881844" m_ty="-212.488800"/>
  </frame>
  <frame idx="575" w="264" h="367" x="0.118172" y="-92.488792">
   <element name="new_elixirs_comp" layername="newelixir_shadowfighter" frame="0" z_index="7" m_a="1.200000" m_b="0.000000" m_c="0.000000" m_d="1.200000" m_tx="-119.881844" m_ty="-212.488800"/>
  </frame>
  <frame idx="600" w="264" h="367" x="0.118172" y="-92.488792">
   <element name="new_elixirs_comp" layername="newelixir_shadowfighter" frame="0" z_index="7" m_a="1.200000" m_b="0.000000" m_c="0.000000" m_d="1.200000" m_tx="-119.881844" m_ty="-212.488800"/>
  </frame>
  <frame idx="625" w="264" h="367" x="0.118172" y="-92.488792">
   <element name="new_elixirs_comp" layername="newelixir_shadowfighter" frame="0" z_index="7" m_a="1.200000" m_b="0.000000" m_c="0.000000" m_d="1.200000" m_tx="-119.881844" m_ty="-212.488800"/>
  </frame>
  <frame idx="650" w="264" h="367" x="0.118172" y="-92.488792">
   <element name="new_elixirs_comp" layername="newelixir_shadowfighter" frame="0" z_index="7" m_a="1.200000" m_b="0.000000" m_c="0.000000" m_d="1.200000" m_tx="-119.881844" m_ty="-212.488800"/>
  </frame>
  <frame idx="675" w="264" h="367" x="0.118172" y="-92.488792">
   <element name="new_elixirs_comp" layername="newelixir_shadowfighter" frame="0" z_index="7" m_a="1.200000" m_b="0.000000" m_c="0.000000" m_d="1.200000" m_tx="-119.881844" m_ty="-212.488800"/>
  </frame>
  <frame idx="700" w="264" h="367" x="0.118172" y="-92.488792">
   <element name="new_elixirs_comp" layername="newelixir_shadowfighter" frame="0" z_index="7" m_a="1.200000" m_b="0.000000" m_c="0.000000" m_d="1.200000" m_tx="-119.881844" m_ty="-212.488800"/>
  </frame>
  <frame idx="725" w="264" h="367" x="0.118172" y="-92.488792">
   <element name="new_elixirs_comp" layername="newelixir_shadowfighter" frame="0" z_index="7" m_a="1.200000" m_b="0.000000" m_c="0.000000" m_d="1.200000" m_tx="-119.881844" m_ty="-212.488800"/>
  </frame>
  <frame idx="750" w="264" h="367" x="0.118172" y="-92.488792">
   <element name="new_elixirs_comp" layername="newelixir_shadowfighter" frame="0" z_index="7" m_a="1.200000" m_b="0.000000" m_c="0.000000" m_d="1.200000" m_tx="-119.881844" m_ty="-212.488800"/>
  </frame>
  <frame idx="775" w="264" h="367" x="0.118172" y="-92.488792">
   <element name="new_elixirs_comp" layername="newelixir_shadowfighter" frame="0" z_index="7" m_a="1.200000" m_b="0.000000" m_c="0.000000" m_d="1.200000" m_tx="-119.881844" m_ty="-212.488800"/>
  </frame>
  <frame idx="800" w="264" h="367" x="0.118172" y="-92.488792">
   <element name="new_elixirs_comp" layername="newelixir_shadowfighter" frame="0" z_index="7" m_a="1.200000" m_b="0.000000" m_c="0.000000" m_d="1.200000" m_tx="-119.881844" m_ty="-212.488800"/>
  </frame>
  <frame idx="825" w="264" h="367" x="0.118172" y="-92.488792">
   <element name="new_elixirs_comp" layername="newelixir_shadowfighter" frame="0" z_index="7" m_a="1.200000" m_b="0.000000" m_c="0.000000" m_d="1.200000" m_tx="-119.881844" m_ty="-212.488800"/>
  </frame>
  <frame idx="850" w="264" h="367" x="0.118172" y="-92.488792">
   <element name="new_elixirs_comp" layername="newelixir_shadowfighter" frame="0" z_index="7" m_a="1.200000" m_b="0.000000" m_c="0.000000" m_d="1.200000" m_tx="-119.881844" m_ty="-212.488800"/>
  </frame>
  <frame idx="875" w="264" h="367" x="0.118172" y="-92.488792">
   <element name="new_elixirs_comp" layername="newelixir_shadowfighter" frame="0" z_index="7" m_a="1.200000" m_b="0.000000" m_c="0.000000" m_d="1.200000" m_tx="-119.881844" m_ty="-212.488800"/>
  </frame>
  <frame idx="900" w="264" h="367" x="0.118172" y="-92.488792">
   <element name="new_elixirs_comp" layername="newelixir_shadowfighter" frame="0" z_index="7" m_a="1.200000" m_b="0.000000" m_c="0.000000" m_d="1.200000" m_tx="-119.881844" m_ty="-212.488800"/>
  </frame>
  <frame idx="925" w="264" h="367" x="0.118172" y="-92.488792">
   <element name="new_elixirs_comp" layername="newelixir_shadowfighter" frame="0" z_index="7" m_a="1.200000" m_b="0.000000" m_c="0.000000" m_d="1.200000" m_tx="-119.881844" m_ty="-212.488800"/>
  </frame>
  <frame idx="950" w="264" h="367" x="0.118172" y="-92.488792">
   <element name="new_elixirs_comp" layername="newelixir_shadowfighter" frame="0" z_index="7" m_a="1.200000" m_b="0.000000" m_c="0.000000" m_d="1.200000" m_tx="-119.881844" m_ty="-212.488800"/>
  </frame>
  <frame idx="975" w="264" h="367" x="0.118172" y="-92.488792">
   <element name="new_elixirs_comp" layername="newelixir_shadowfighter" frame="0" z_index="7" m_a="1.200000" m_b="0.000000" m_c="0.000000" m_d="1.200000" m_tx="-119.881844" m_ty="-212.488800"/>
  </frame>
 </anim>
 <anim name="sanityaura" root="new_elixirs" numframes="1000" framerate="40">
  <frame idx="0" w="256" h="362" x="8.000008" y="-88.999992">
   <element name="new_elixirs_comp" layername="newelixir_sanityaura" frame="1" z_index="7" m_a="1.200000" m_b="0.000000" m_c="0.000000" m_d="1.200000" m_tx="-112.000000" m_ty="-209.000000"/>
  </frame>
  <frame idx="25" w="256" h="362" x="8.000008" y="-88.999992">
   <element name="new_elixirs_comp" layername="newelixir_sanityaura" frame="1" z_index="7" m_a="1.200000" m_b="0.000000" m_c="0.000000" m_d="1.200000" m_tx="-112.000000" m_ty="-209.000000"/>
  </frame>
  <frame idx="50" w="256" h="362" x="8.000008" y="-88.999992">
   <element name="new_elixirs_comp" layername="newelixir_sanityaura" frame="1" z_index="7" m_a="1.200000" m_b="0.000000" m_c="0.000000" m_d="1.200000" m_tx="-112.000000" m_ty="-209.000000"/>
  </frame>
  <frame idx="75" w="256" h="362" x="8.000008" y="-88.999992">
   <element name="new_elixirs_comp" layername="newelixir_sanityaura" frame="1" z_index="7" m_a="1.200000" m_b="0.000000" m_c="0.000000" m_d="1.200000" m_tx="-112.000000" m_ty="-209.000000"/>
  </frame>
  <frame idx="100" w="256" h="362" x="8.000008" y="-88.999992">
   <element name="new_elixirs_comp" layername="newelixir_sanityaura" frame="1" z_index="7" m_a="1.200000" m_b="0.000000" m_c="0.000000" m_d="1.200000" m_tx="-112.000000" m_ty="-209.000000"/>
  </frame>
  <frame idx="125" w="256" h="362" x="8.000008" y="-88.999992">
   <element name="new_elixirs_comp" layername="newelixir_sanityaura" frame="1" z_index="7" m_a="1.200000" m_b="0.000000" m_c="0.000000" m_d="1.200000" m_tx="-112.000000" m_ty="-209.000000"/>
  </frame>
  <frame idx="150" w="256" h="362" x="8.000008" y="-88.999992">
   <element name="new_elixirs_comp" layername="newelixir_sanityaura" frame="1" z_index="7" m_a="1.200000" m_b="0.000000" m_c="0.000000" m_d="1.200000" m_tx="-112.000000" m_ty="-209.000000"/>
  </frame>
  <frame idx="175" w="256" h="362" x="8.000008" y="-88.999992">
   <element name="new_elixirs_comp" layername="newelixir_sanityaura" frame="1" z_index="7" m_a="1.200000" m_b="0.000000" m_c="0.000000" m_d="1.200000" m_tx="-112.000000" m_ty="-209.000000"/>
  </frame>
  <frame idx="200" w="256" h="362" x="8.000008" y="-88.999992">
   <element name="new_elixirs_comp" layername="newelixir_sanityaura" frame="1" z_index="7" m_a="1.200000" m_b="0.000000" m_c="0.000000" m_d="1.200000" m_tx="-112.000000" m_ty="-209.000000"/>
  </frame>
  <frame idx="225" w="256" h="362" x="8.000008" y="-88.999992">
   <element name="new_elixirs_comp" layername="newelixir_sanityaura" frame="1" z_index="7" m_a="1.200000" m_b="0.000000" m_c="0.000000" m_d="1.200000" m_tx="-112.000000" m_ty="-209.000000"/>
  </frame>
  <frame idx="250" w="256" h="362" x="8.000008" y="-88.999992">
   <element name="new_elixirs_comp" layername="newelixir_sanityaura" frame="1" z_index="7" m_a="1.200000" m_b="0.000000" m_c="0.000000" m_d="1.200000" m_tx="-112.000000" m_ty="-209.000000"/>
  </frame>
  <frame idx="275" w="256" h="362" x="8.000008" y="-88.999992">
   <element name="new_elixirs_comp" layername="newelixir_sanityaura" frame="1" z_index="7" m_a="1.200000" m_b="0.000000" m_c="0.000000" m_d="1.200000" m_tx="-112.000000" m_ty="-209.000000"/>
  </frame>
  <frame idx="300" w="256" h="362" x="8.000008" y="-88.999992">
   <element name="new_elixirs_comp" layername="newelixir_sanityaura" frame="1" z_index="7" m_a="1.200000" m_b="0.000000" m_c="0.000000" m_d="1.200000" m_tx="-112.000000" m_ty="-209.000000"/>
  </frame>
  <frame idx="325" w="256" h="362" x="8.000008" y="-88.999992">
   <element name="new_elixirs_comp" layername="newelixir_sanityaura" frame="1" z_index="7" m_a="1.200000" m_b="0.000000" m_c="0.000000" m_d="1.200000" m_tx="-112.000000" m_ty="-209.000000"/>
  </frame>
  <frame idx="350" w="256" h="362" x="8.000008" y="-88.999992">
   <element name="new_elixirs_comp" layername="newelixir_sanityaura" frame="1" z_index="7" m_a="1.200000" m_b="0.000000" m_c="0.000000" m_d="1.200000" m_tx="-112.000000" m_ty="-209.000000"/>
  </frame>
  <frame idx="375" w="256" h="362" x="8.000008" y="-88.999992">
   <element name="new_elixirs_comp" layername="newelixir_sanityaura" frame="1" z_index="7" m_a="1.200000" m_b="0.000000" m_c="0.000000" m_d="1.200000" m_tx="-112.000000" m_ty="-209.000000"/>
  </frame>
  <frame idx="400" w="256" h="362" x="8.000008" y="-88.999992">
   <element name="new_elixirs_comp" layername="newelixir_sanityaura" frame="1" z_index="7" m_a="1.200000" m_b="0.000000" m_c="0.000000" m_d="1.200000" m_tx="-112.000000" m_ty="-209.000000"/>
  </frame>
  <frame idx="425" w="256" h="362" x="8.000008" y="-88.999992">
   <element name="new_elixirs_comp" layername="newelixir_sanityaura" frame="1" z_index="7" m_a="1.200000" m_b="0.000000" m_c="0.000000" m_d="1.200000" m_tx="-112.000000" m_ty="-209.000000"/>
  </frame>
  <frame idx="450" w="256" h="362" x="8.000008" y="-88.999992">
   <element name="new_elixirs_comp" layername="newelixir_sanityaura" frame="1" z_index="7" m_a="1.200000" m_b="0.000000" m_c="0.000000" m_d="1.200000" m_tx="-112.000000" m_ty="-209.000000"/>
  </frame>
  <frame idx="475" w="256" h="362" x="8.000008" y="-88.999992">
   <element name="new_elixirs_comp" layername="newelixir_sanityaura" frame="1" z_index="7" m_a="1.200000" m_b="0.000000" m_c="0.000000" m_d="1.200000" m_tx="-112.000000" m_ty="-209.000000"/>
  </frame>
  <frame idx="500" w="256" h="362" x="8.000008" y="-88.999992">
   <element name="new_elixirs_comp" layername="newelixir_sanityaura" frame="1" z_index="7" m_a="1.200000" m_b="0.000000" m_c="0.000000" m_d="1.200000" m_tx="-112.000000" m_ty="-209.000000"/>
  </frame>
  <frame idx="525" w="256" h="362" x="8.000008" y="-88.999992">
   <element name="new_elixirs_comp" layername="newelixir_sanityaura" frame="1" z_index="7" m_a="1.200000" m_b="0.000000" m_c="0.000000" m_d="1.200000" m_tx="-112.000000" m_ty="-209.000000"/>
  </frame>
  <frame idx="550" w="256" h="362" x="8.000008" y="-88.999992">
   <element name="new_elixirs_comp" layername="newelixir_sanityaura" frame="1" z_index="7" m_a="1.200000" m_b="0.000000" m_c="0.000000" m_d="1.200000" m_tx="-112.000000" m_ty="-209.000000"/>
  </frame>
  <frame idx="575" w="256" h="362" x="8.000008" y="-88.999992">
   <element name="new_elixirs_comp" layername="newelixir_sanityaura" frame="1" z_index="7" m_a="1.200000" m_b="0.000000" m_c="0.000000" m_d="1.200000" m_tx="-112.000000" m_ty="-209.000000"/>
  </frame>
  <frame idx="600" w="256" h="362" x="8.000008" y="-88.999992">
   <element name="new_elixirs_comp" layername="newelixir_sanityaura" frame="1" z_index="7" m_a="1.200000" m_b="0.000000" m_c="0.000000" m_d="1.200000" m_tx="-112.000000" m_ty="-209.000000"/>
  </frame>
  <frame idx="625" w="256" h="362" x="8.000008" y="-88.999992">
   <element name="new_elixirs_comp" layername="newelixir_sanityaura" frame="1" z_index="7" m_a="1.200000" m_b="0.000000" m_c="0.000000" m_d="1.200000" m_tx="-112.000000" m_ty="-209.000000"/>
  </frame>
  <frame idx="650" w="256" h="362" x="8.000008" y="-88.999992">
   <element name="new_elixirs_comp" layername="newelixir_sanityaura" frame="1" z_index="7" m_a="1.200000" m_b="0.000000" m_c="0.000000" m_d="1.200000" m_tx="-112.000000" m_ty="-209.000000"/>
  </frame>
  <frame idx="675" w="256" h="362" x="8.000008" y="-88.999992">
   <element name="new_elixirs_comp" layername="newelixir_sanityaura" frame="1" z_index="7" m_a="1.200000" m_b="0.000000" m_c="0.000000" m_d="1.200000" m_tx="-112.000000" m_ty="-209.000000"/>
  </frame>
  <frame idx="700" w="256" h="362" x="8.000008" y="-88.999992">
   <element name="new_elixirs_comp" layername="newelixir_sanityaura" frame="1" z_index="7" m_a="1.200000" m_b="0.000000" m_c="0.000000" m_d="1.200000" m_tx="-112.000000" m_ty="-209.000000"/>
  </frame>
  <frame idx="725" w="256" h="362" x="8.000008" y="-88.999992">
   <element name="new_elixirs_comp" layername="newelixir_sanityaura" frame="1" z_index="7" m_a="1.200000" m_b="0.000000" m_c="0.000000" m_d="1.200000" m_tx="-112.000000" m_ty="-209.000000"/>
  </frame>
  <frame idx="750" w="256" h="362" x="8.000008" y="-88.999992">
   <element name="new_elixirs_comp" layername="newelixir_sanityaura" frame="1" z_index="7" m_a="1.200000" m_b="0.000000" m_c="0.000000" m_d="1.200000" m_tx="-112.000000" m_ty="-209.000000"/>
  </frame>
  <frame idx="775" w="256" h="362" x="8.000008" y="-88.999992">
   <element name="new_elixirs_comp" layername="newelixir_sanityaura" frame="1" z_index="7" m_a="1.200000" m_b="0.000000" m_c="0.000000" m_d="1.200000" m_tx="-112.000000" m_ty="-209.000000"/>
  </frame>
  <frame idx="800" w="256" h="362" x="8.000008" y="-88.999992">
   <element name="new_elixirs_comp" layername="newelixir_sanityaura" frame="1" z_index="7" m_a="1.200000" m_b="0.000000" m_c="0.000000" m_d="1.200000" m_tx="-112.000000" m_ty="-209.000000"/>
  </frame>
  <frame idx="825" w="256" h="362" x="8.000008" y="-88.999992">
   <element name="new_elixirs_comp" layername="newelixir_sanityaura" frame="1" z_index="7" m_a="1.200000" m_b="0.000000" m_c="0.000000" m_d="1.200000" m_tx="-112.000000" m_ty="-209.000000"/>
  </frame>
  <frame idx="850" w="256" h="362" x="8.000008" y="-88.999992">
   <element name="new_elixirs_comp" layername="newelixir_sanityaura" frame="1" z_index="7" m_a="1.200000" m_b="0.000000" m_c="0.000000" m_d="1.200000" m_tx="-112.000000" m_ty="-209.000000"/>
  </frame>
  <frame idx="875" w="256" h="362" x="8.000008" y="-88.999992">
   <element name="new_elixirs_comp" layername="newelixir_sanityaura" frame="1" z_index="7" m_a="1.200000" m_b="0.000000" m_c="0.000000" m_d="1.200000" m_tx="-112.000000" m_ty="-209.000000"/>
  </frame>
  <frame idx="900" w="256" h="362" x="8.000008" y="-88.999992">
   <element name="new_elixirs_comp" layername="newelixir_sanityaura" frame="1" z_index="7" m_a="1.200000" m_b="0.000000" m_c="0.000000" m_d="1.200000" m_tx="-112.000000" m_ty="-209.000000"/>
  </frame>
  <frame idx="925" w="256" h="362" x="8.000008" y="-88.999992">
   <element name="new_elixirs_comp" layername="newelixir_sanityaura" frame="1" z_index="7" m_a="1.200000" m_b="0.000000" m_c="0.000000" m_d="1.200000" m_tx="-112.000000" m_ty="-209.000000"/>
  </frame>
  <frame idx="950" w="256" h="362" x="8.000008" y="-88.999992">
   <element name="new_elixirs_comp" layername="newelixir_sanityaura" frame="1" z_index="7" m_a="1.200000" m_b="0.000000" m_c="0.000000" m_d="1.200000" m_tx="-112.000000" m_ty="-209.000000"/>
  </frame>
  <frame idx="975" w="256" h="362" x="8.000008" y="-88.999992">
   <element name="new_elixirs_comp" layername="newelixir_sanityaura" frame="1" z_index="7" m_a="1.200000" m_b="0.000000" m_c="0.000000" m_d="1.200000" m_tx="-112.000000" m_ty="-209.000000"/>
  </frame>
 </anim>
 <anim name="lightning" root="new_elixirs" numframes="1000" framerate="40">
  <frame idx="0" w="261" h="366" x="3.000008" y="-91.999992">
   <element name="new_elixirs_comp" layername="newelixir_lightning" frame="2" z_index="7" m_a="1.200000" m_b="0.000000" m_c="0.000000" m_d="1.200000" m_tx="-117.000000" m_ty="-212.000000"/>
  </frame>
  <frame idx="25" w="261" h="366" x="3.000008" y="-91.999992">
   <element name="new_elixirs_comp" layername="newelixir_lightning" frame="2" z_index="7" m_a="1.200000" m_b="0.000000" m_c="0.000000" m_d="1.200000" m_tx="-117.000000" m_ty="-212.000000"/>
  </frame>
  <frame idx="50" w="261" h="366" x="3.000008" y="-91.999992">
   <element name="new_elixirs_comp" layername="newelixir_lightning" frame="2" z_index="7" m_a="1.200000" m_b="0.000000" m_c="0.000000" m_d="1.200000" m_tx="-117.000000" m_ty="-212.000000"/>
  </frame>
  <frame idx="75" w="261" h="366" x="3.000008" y="-91.999992">
   <element name="new_elixirs_comp" layername="newelixir_lightning" frame="2" z_index="7" m_a="1.200000" m_b="0.000000" m_c="0.000000" m_d="1.200000" m_tx="-117.000000" m_ty="-212.000000"/>
  </frame>
  <frame idx="100" w="261" h="366" x="3.000008" y="-91.999992">
   <element name="new_elixirs_comp" layername="newelixir_lightning" frame="2" z_index="7" m_a="1.200000" m_b="0.000000" m_c="0.000000" m_d="1.200000" m_tx="-117.000000" m_ty="-212.000000"/>
  </frame>
  <frame idx="125" w="261" h="366" x="3.000008" y="-91.999992">
   <element name="new_elixirs_comp" layername="newelixir_lightning" frame="2" z_index="7" m_a="1.200000" m_b="0.000000" m_c="0.000000" m_d="1.200000" m_tx="-117.000000" m_ty="-212.000000"/>
  </frame>
  <frame idx="150" w="261" h="366" x="3.000008" y="-91.999992">
   <element name="new_elixirs_comp" layername="newelixir_lightning" frame="2" z_index="7" m_a="1.200000" m_b="0.000000" m_c="0.000000" m_d="1.200000" m_tx="-117.000000" m_ty="-212.000000"/>
  </frame>
  <frame idx="175" w="261" h="366" x="3.000008" y="-91.999992">
   <element name="new_elixirs_comp" layername="newelixir_lightning" frame="2" z_index="7" m_a="1.200000" m_b="0.000000" m_c="0.000000" m_d="1.200000" m_tx="-117.000000" m_ty="-212.000000"/>
  </frame>
  <frame idx="200" w="261" h="366" x="3.000008" y="-91.999992">
   <element name="new_elixirs_comp" layername="newelixir_lightning" frame="2" z_index="7" m_a="1.200000" m_b="0.000000" m_c="0.000000" m_d="1.200000" m_tx="-117.000000" m_ty="-212.000000"/>
  </frame>
  <frame idx="225" w="261" h="366" x="3.000008" y="-91.999992">
   <element name="new_elixirs_comp" layername="newelixir_lightning" frame="2" z_index="7" m_a="1.200000" m_b="0.000000" m_c="0.000000" m_d="1.200000" m_tx="-117.000000" m_ty="-212.000000"/>
  </frame>
  <frame idx="250" w="261" h="366" x="3.000008" y="-91.999992">
   <element name="new_elixirs_comp" layername="newelixir_lightning" frame="2" z_index="7" m_a="1.200000" m_b="0.000000" m_c="0.000000" m_d="1.200000" m_tx="-117.000000" m_ty="-212.000000"/>
  </frame>
  <frame idx="275" w="261" h="366" x="3.000008" y="-91.999992">
   <element name="new_elixirs_comp" layername="newelixir_lightning" frame="2" z_index="7" m_a="1.200000" m_b="0.000000" m_c="0.000000" m_d="1.200000" m_tx="-117.000000" m_ty="-212.000000"/>
  </frame>
  <frame idx="300" w="261" h="366" x="3.000008" y="-91.999992">
   <element name="new_elixirs_comp" layername="newelixir_lightning" frame="2" z_index="7" m_a="1.200000" m_b="0.000000" m_c="0.000000" m_d="1.200000" m_tx="-117.000000" m_ty="-212.000000"/>
  </frame>
  <frame idx="325" w="261" h="366" x="3.000008" y="-91.999992">
   <element name="new_elixirs_comp" layername="newelixir_lightning" frame="2" z_index="7" m_a="1.200000" m_b="0.000000" m_c="0.000000" m_d="1.200000" m_tx="-117.000000" m_ty="-212.000000"/>
  </frame>
  <frame idx="350" w="261" h="366" x="3.000008" y="-91.999992">
   <element name="new_elixirs_comp" layername="newelixir_lightning" frame="2" z_index="7" m_a="1.200000" m_b="0.000000" m_c="0.000000" m_d="1.200000" m_tx="-117.000000" m_ty="-212.000000"/>
  </frame>
  <frame idx="375" w="261" h="366" x="3.000008" y="-91.999992">
   <element name="new_elixirs_comp" layername="newelixir_lightning" frame="2" z_index="7" m_a="1.200000" m_b="0.000000" m_c="0.000000" m_d="1.200000" m_tx="-117.000000" m_ty="-212.000000"/>
  </frame>
  <frame idx="400" w="261" h="366" x="3.000008" y="-91.999992">
   <element name="new_elixirs_comp" layername="newelixir_lightning" frame="2" z_index="7" m_a="1.200000" m_b="0.000000" m_c="0.000000" m_d="1.200000" m_tx="-117.000000" m_ty="-212.000000"/>
  </frame>
  <frame idx="425" w="261" h="366" x="3.000008" y="-91.999992">
   <element name="new_elixirs_comp" layername="newelixir_lightning" frame="2" z_index="7" m_a="1.200000" m_b="0.000000" m_c="0.000000" m_d="1.200000" m_tx="-117.000000" m_ty="-212.000000"/>
  </frame>
  <frame idx="450" w="261" h="366" x="3.000008" y="-91.999992">
   <element name="new_elixirs_comp" layername="newelixir_lightning" frame="2" z_index="7" m_a="1.200000" m_b="0.000000" m_c="0.000000" m_d="1.200000" m_tx="-117.000000" m_ty="-212.000000"/>
  </frame>
  <frame idx="475" w="261" h="366" x="3.000008" y="-91.999992">
   <element name="new_elixirs_comp" layername="newelixir_lightning" frame="2" z_index="7" m_a="1.200000" m_b="0.000000" m_c="0.000000" m_d="1.200000" m_tx="-117.000000" m_ty="-212.000000"/>
  </frame>
  <frame idx="500" w="261" h="366" x="3.000008" y="-91.999992">
   <element name="new_elixirs_comp" layername="newelixir_lightning" frame="2" z_index="7" m_a="1.200000" m_b="0.000000" m_c="0.000000" m_d="1.200000" m_tx="-117.000000" m_ty="-212.000000"/>
  </frame>
  <frame idx="525" w="261" h="366" x="3.000008" y="-91.999992">
   <element name="new_elixirs_comp" layername="newelixir_lightning" frame="2" z_index="7" m_a="1.200000" m_b="0.000000" m_c="0.000000" m_d="1.200000" m_tx="-117.000000" m_ty="-212.000000"/>
  </frame>
  <frame idx="550" w="261" h="366" x="3.000008" y="-91.999992">
   <element name="new_elixirs_comp" layername="newelixir_lightning" frame="2" z_index="7" m_a="1.200000" m_b="0.000000" m_c="0.000000" m_d="1.200000" m_tx="-117.000000" m_ty="-212.000000"/>
  </frame>
  <frame idx="575" w="261" h="366" x="3.000008" y="-91.999992">
   <element name="new_elixirs_comp" layername="newelixir_lightning" frame="2" z_index="7" m_a="1.200000" m_b="0.000000" m_c="0.000000" m_d="1.200000" m_tx="-117.000000" m_ty="-212.000000"/>
  </frame>
  <frame idx="600" w="261" h="366" x="3.000008" y="-91.999992">
   <element name="new_elixirs_comp" layername="newelixir_lightning" frame="2" z_index="7" m_a="1.200000" m_b="0.000000" m_c="0.000000" m_d="1.200000" m_tx="-117.000000" m_ty="-212.000000"/>
  </frame>
  <frame idx="625" w="261" h="366" x="3.000008" y="-91.999992">
   <element name="new_elixirs_comp" layername="newelixir_lightning" frame="2" z_index="7" m_a="1.200000" m_b="0.000000" m_c="0.000000" m_d="1.200000" m_tx="-117.000000" m_ty="-212.000000"/>
  </frame>
  <frame idx="650" w="261" h="366" x="3.000008" y="-91.999992">
   <element name="new_elixirs_comp" layername="newelixir_lightning" frame="2" z_index="7" m_a="1.200000" m_b="0.000000" m_c="0.000000" m_d="1.200000" m_tx="-117.000000" m_ty="-212.000000"/>
  </frame>
  <frame idx="675" w="261" h="366" x="3.000008" y="-91.999992">
   <element name="new_elixirs_comp" layername="newelixir_lightning" frame="2" z_index="7" m_a="1.200000" m_b="0.000000" m_c="0.000000" m_d="1.200000" m_tx="-117.000000" m_ty="-212.000000"/>
  </frame>
  <frame idx="700" w="261" h="366" x="3.000008" y="-91.999992">
   <element name="new_elixirs_comp" layername="newelixir_lightning" frame="2" z_index="7" m_a="1.200000" m_b="0.000000" m_c="0.000000" m_d="1.200000" m_tx="-117.000000" m_ty="-212.000000"/>
  </frame>
  <frame idx="725" w="261" h="366" x="3.000008" y="-91.999992">
   <element name="new_elixirs_comp" layername="newelixir_lightning" frame="2" z_index="7" m_a="1.200000" m_b="0.000000" m_c="0.000000" m_d="1.200000" m_tx="-117.000000" m_ty="-212.000000"/>
  </frame>
  <frame idx="750" w="261" h="366" x="3.000008" y="-91.999992">
   <element name="new_elixirs_comp" layername="newelixir_lightning" frame="2" z_index="7" m_a="1.200000" m_b="0.000000" m_c="0.000000" m_d="1.200000" m_tx="-117.000000" m_ty="-212.000000"/>
  </frame>
  <frame idx="775" w="261" h="366" x="3.000008" y="-91.999992">
   <element name="new_elixirs_comp" layername="newelixir_lightning" frame="2" z_index="7" m_a="1.200000" m_b="0.000000" m_c="0.000000" m_d="1.200000" m_tx="-117.000000" m_ty="-212.000000"/>
  </frame>
  <frame idx="800" w="261" h="366" x="3.000008" y="-91.999992">
   <element name="new_elixirs_comp" layername="newelixir_lightning" frame="2" z_index="7" m_a="1.200000" m_b="0.000000" m_c="0.000000" m_d="1.200000" m_tx="-117.000000" m_ty="-212.000000"/>
  </frame>
  <frame idx="825" w="261" h="366" x="3.000008" y="-91.999992">
   <element name="new_elixirs_comp" layername="newelixir_lightning" frame="2" z_index="7" m_a="1.200000" m_b="0.000000" m_c="0.000000" m_d="1.200000" m_tx="-117.000000" m_ty="-212.000000"/>
  </frame>
  <frame idx="850" w="261" h="366" x="3.000008" y="-91.999992">
   <element name="new_elixirs_comp" layername="newelixir_lightning" frame="2" z_index="7" m_a="1.200000" m_b="0.000000" m_c="0.000000" m_d="1.200000" m_tx="-117.000000" m_ty="-212.000000"/>
  </frame>
  <frame idx="875" w="261" h="366" x="3.000008" y="-91.999992">
   <element name="new_elixirs_comp" layername="newelixir_lightning" frame="2" z_index="7" m_a="1.200000" m_b="0.000000" m_c="0.000000" m_d="1.200000" m_tx="-117.000000" m_ty="-212.000000"/>
  </frame>
  <frame idx="900" w="261" h="366" x="3.000008" y="-91.999992">
   <element name="new_elixirs_comp" layername="newelixir_lightning" frame="2" z_index="7" m_a="1.200000" m_b="0.000000" m_c="0.000000" m_d="1.200000" m_tx="-117.000000" m_ty="-212.000000"/>
  </frame>
  <frame idx="925" w="261" h="366" x="3.000008" y="-91.999992">
   <element name="new_elixirs_comp" layername="newelixir_lightning" frame="2" z_index="7" m_a="1.200000" m_b="0.000000" m_c="0.000000" m_d="1.200000" m_tx="-117.000000" m_ty="-212.000000"/>
  </frame>
  <frame idx="950" w="261" h="366" x="3.000008" y="-91.999992">
   <element name="new_elixirs_comp" layername="newelixir_lightning" frame="2" z_index="7" m_a="1.200000" m_b="0.000000" m_c="0.000000" m_d="1.200000" m_tx="-117.000000" m_ty="-212.000000"/>
  </frame>
  <frame idx="975" w="261" h="366" x="3.000008" y="-91.999992">
   <element name="new_elixirs_comp" layername="newelixir_lightning" frame="2" z_index="7" m_a="1.200000" m_b="0.000000" m_c="0.000000" m_d="1.200000" m_tx="-117.000000" m_ty="-212.000000"/>
  </frame>
 </anim>
 <anim name="lightaura" root="new_elixirs" numframes="1000" framerate="40">
  <frame idx="0" w="263" h="365" x="1.000008" y="-90.999992">
   <element name="new_elixirs_comp" layername="newelixir_lightaura" frame="3" z_index="7" m_a="1.200000" m_b="0.000000" m_c="0.000000" m_d="1.200000" m_tx="-119.000000" m_ty="-211.000000"/>
  </frame>
  <frame idx="25" w="263" h="365" x="1.000008" y="-90.999992">
   <element name="new_elixirs_comp" layername="newelixir_lightaura" frame="3" z_index="7" m_a="1.200000" m_b="0.000000" m_c="0.000000" m_d="1.200000" m_tx="-119.000000" m_ty="-211.000000"/>
  </frame>
  <frame idx="50" w="263" h="365" x="1.000008" y="-90.999992">
   <element name="new_elixirs_comp" layername="newelixir_lightaura" frame="3" z_index="7" m_a="1.200000" m_b="0.000000" m_c="0.000000" m_d="1.200000" m_tx="-119.000000" m_ty="-211.000000"/>
  </frame>
  <frame idx="75" w="263" h="365" x="1.000008" y="-90.999992">
   <element name="new_elixirs_comp" layername="newelixir_lightaura" frame="3" z_index="7" m_a="1.200000" m_b="0.000000" m_c="0.000000" m_d="1.200000" m_tx="-119.000000" m_ty="-211.000000"/>
  </frame>
  <frame idx="100" w="263" h="365" x="1.000008" y="-90.999992">
   <element name="new_elixirs_comp" layername="newelixir_lightaura" frame="3" z_index="7" m_a="1.200000" m_b="0.000000" m_c="0.000000" m_d="1.200000" m_tx="-119.000000" m_ty="-211.000000"/>
  </frame>
  <frame idx="125" w="263" h="365" x="1.000008" y="-90.999992">
   <element name="new_elixirs_comp" layername="newelixir_lightaura" frame="3" z_index="7" m_a="1.200000" m_b="0.000000" m_c="0.000000" m_d="1.200000" m_tx="-119.000000" m_ty="-211.000000"/>
  </frame>
  <frame idx="150" w="263" h="365" x="1.000008" y="-90.999992">
   <element name="new_elixirs_comp" layername="newelixir_lightaura" frame="3" z_index="7" m_a="1.200000" m_b="0.000000" m_c="0.000000" m_d="1.200000" m_tx="-119.000000" m_ty="-211.000000"/>
  </frame>
  <frame idx="175" w="263" h="365" x="1.000008" y="-90.999992">
   <element name="new_elixirs_comp" layername="newelixir_lightaura" frame="3" z_index="7" m_a="1.200000" m_b="0.000000" m_c="0.000000" m_d="1.200000" m_tx="-119.000000" m_ty="-211.000000"/>
  </frame>
  <frame idx="200" w="263" h="365" x="1.000008" y="-90.999992">
   <element name="new_elixirs_comp" layername="newelixir_lightaura" frame="3" z_index="7" m_a="1.200000" m_b="0.000000" m_c="0.000000" m_d="1.200000" m_tx="-119.000000" m_ty="-211.000000"/>
  </frame>
  <frame idx="225" w="263" h="365" x="1.000008" y="-90.999992">
   <element name="new_elixirs_comp" layername="newelixir_lightaura" frame="3" z_index="7" m_a="1.200000" m_b="0.000000" m_c="0.000000" m_d="1.200000" m_tx="-119.000000" m_ty="-211.000000"/>
  </frame>
  <frame idx="250" w="263" h="365" x="1.000008" y="-90.999992">
   <element name="new_elixirs_comp" layername="newelixir_lightaura" frame="3" z_index="7" m_a="1.200000" m_b="0.000000" m_c="0.000000" m_d="1.200000" m_tx="-119.000000" m_ty="-211.000000"/>
  </frame>
  <frame idx="275" w="263" h="365" x="1.000008" y="-90.999992">
   <element name="new_elixirs_comp" layername="newelixir_lightaura" frame="3" z_index="7" m_a="1.200000" m_b="0.000000" m_c="0.000000" m_d="1.200000" m_tx="-119.000000" m_ty="-211.000000"/>
  </frame>
  <frame idx="300" w="263" h="365" x="1.000008" y="-90.999992">
   <element name="new_elixirs_comp" layername="newelixir_lightaura" frame="3" z_index="7" m_a="1.200000" m_b="0.000000" m_c="0.000000" m_d="1.200000" m_tx="-119.000000" m_ty="-211.000000"/>
  </frame>
  <frame idx="325" w="263" h="365" x="1.000008" y="-90.999992">
   <element name="new_elixirs_comp" layername="newelixir_lightaura" frame="3" z_index="7" m_a="1.200000" m_b="0.000000" m_c="0.000000" m_d="1.200000" m_tx="-119.000000" m_ty="-211.000000"/>
  </frame>
  <frame idx="350" w="263" h="365" x="1.000008" y="-90.999992">
   <element name="new_elixirs_comp" layername="newelixir_lightaura" frame="3" z_index="7" m_a="1.200000" m_b="0.000000" m_c="0.000000" m_d="1.200000" m_tx="-119.000000" m_ty="-211.000000"/>
  </frame>
  <frame idx="375" w="263" h="365" x="1.000008" y="-90.999992">
   <element name="new_elixirs_comp" layername="newelixir_lightaura" frame="3" z_index="7" m_a="1.200000" m_b="0.000000" m_c="0.000000" m_d="1.200000" m_tx="-119.000000" m_ty="-211.000000"/>
  </frame>
  <frame idx="400" w="263" h="365" x="1.000008" y="-90.999992">
   <element name="new_elixirs_comp" layername="newelixir_lightaura" frame="3" z_index="7" m_a="1.200000" m_b="0.000000" m_c="0.000000" m_d="1.200000" m_tx="-119.000000" m_ty="-211.000000"/>
  </frame>
  <frame idx="425" w="263" h="365" x="1.000008" y="-90.999992">
   <element name="new_elixirs_comp" layername="newelixir_lightaura" frame="3" z_index="7" m_a="1.200000" m_b="0.000000" m_c="0.000000" m_d="1.200000" m_tx="-119.000000" m_ty="-211.000000"/>
  </frame>
  <frame idx="450" w="263" h="365" x="1.000008" y="-90.999992">
   <element name="new_elixirs_comp" layername="newelixir_lightaura" frame="3" z_index="7" m_a="1.200000" m_b="0.000000" m_c="0.000000" m_d="1.200000" m_tx="-119.000000" m_ty="-211.000000"/>
  </frame>
  <frame idx="475" w="263" h="365" x="1.000008" y="-90.999992">
   <element name="new_elixirs_comp" layername="newelixir_lightaura" frame="3" z_index="7" m_a="1.200000" m_b="0.000000" m_c="0.000000" m_d="1.200000" m_tx="-119.000000" m_ty="-211.000000"/>
  </frame>
  <frame idx="500" w="263" h="365" x="1.000008" y="-90.999992">
   <element name="new_elixirs_comp" layername="newelixir_lightaura" frame="3" z_index="7" m_a="1.200000" m_b="0.000000" m_c="0.000000" m_d="1.200000" m_tx="-119.000000" m_ty="-211.000000"/>
  </frame>
  <frame idx="525" w="263" h="365" x="1.000008" y="-90.999992">
   <element name="new_elixirs_comp" layername="newelixir_lightaura" frame="3" z_index="7" m_a="1.200000" m_b="0.000000" m_c="0.000000" m_d="1.200000" m_tx="-119.000000" m_ty="-211.000000"/>
  </frame>
  <frame idx="550" w="263" h="365" x="1.000008" y="-90.999992">
   <element name="new_elixirs_comp" layername="newelixir_lightaura" frame="3" z_index="7" m_a="1.200000" m_b="0.000000" m_c="0.000000" m_d="1.200000" m_tx="-119.000000" m_ty="-211.000000"/>
  </frame>
  <frame idx="575" w="263" h="365" x="1.000008" y="-90.999992">
   <element name="new_elixirs_comp" layername="newelixir_lightaura" frame="3" z_index="7" m_a="1.200000" m_b="0.000000" m_c="0.000000" m_d="1.200000" m_tx="-119.000000" m_ty="-211.000000"/>
  </frame>
  <frame idx="600" w="263" h="365" x="1.000008" y="-90.999992">
   <element name="new_elixirs_comp" layername="newelixir_lightaura" frame="3" z_index="7" m_a="1.200000" m_b="0.000000" m_c="0.000000" m_d="1.200000" m_tx="-119.000000" m_ty="-211.000000"/>
  </frame>
  <frame idx="625" w="263" h="365" x="1.000008" y="-90.999992">
   <element name="new_elixirs_comp" layername="newelixir_lightaura" frame="3" z_index="7" m_a="1.200000" m_b="0.000000" m_c="0.000000" m_d="1.200000" m_tx="-119.000000" m_ty="-211.000000"/>
  </frame>
  <frame idx="650" w="263" h="365" x="1.000008" y="-90.999992">
   <element name="new_elixirs_comp" layername="newelixir_lightaura" frame="3" z_index="7" m_a="1.200000" m_b="0.000000" m_c="0.000000" m_d="1.200000" m_tx="-119.000000" m_ty="-211.000000"/>
  </frame>
  <frame idx="675" w="263" h="365" x="1.000008" y="-90.999992">
   <element name="new_elixirs_comp" layername="newelixir_lightaura" frame="3" z_index="7" m_a="1.200000" m_b="0.000000" m_c="0.000000" m_d="1.200000" m_tx="-119.000000" m_ty="-211.000000"/>
  </frame>
  <frame idx="700" w="263" h="365" x="1.000008" y="-90.999992">
   <element name="new_elixirs_comp" layername="newelixir_lightaura" frame="3" z_index="7" m_a="1.200000" m_b="0.000000" m_c="0.000000" m_d="1.200000" m_tx="-119.000000" m_ty="-211.000000"/>
  </frame>
  <frame idx="725" w="263" h="365" x="1.000008" y="-90.999992">
   <element name="new_elixirs_comp" layername="newelixir_lightaura" frame="3" z_index="7" m_a="1.200000" m_b="0.000000" m_c="0.000000" m_d="1.200000" m_tx="-119.000000" m_ty="-211.000000"/>
  </frame>
  <frame idx="750" w="263" h="365" x="1.000008" y="-90.999992">
   <element name="new_elixirs_comp" layername="newelixir_lightaura" frame="3" z_index="7" m_a="1.200000" m_b="0.000000" m_c="0.000000" m_d="1.200000" m_tx="-119.000000" m_ty="-211.000000"/>
  </frame>
  <frame idx="775" w="263" h="365" x="1.000008" y="-90.999992">
   <element name="new_elixirs_comp" layername="newelixir_lightaura" frame="3" z_index="7" m_a="1.200000" m_b="0.000000" m_c="0.000000" m_d="1.200000" m_tx="-119.000000" m_ty="-211.000000"/>
  </frame>
  <frame idx="800" w="263" h="365" x="1.000008" y="-90.999992">
   <element name="new_elixirs_comp" layername="newelixir_lightaura" frame="3" z_index="7" m_a="1.200000" m_b="0.000000" m_c="0.000000" m_d="1.200000" m_tx="-119.000000" m_ty="-211.000000"/>
  </frame>
  <frame idx="825" w="263" h="365" x="1.000008" y="-90.999992">
   <element name="new_elixirs_comp" layername="newelixir_lightaura" frame="3" z_index="7" m_a="1.200000" m_b="0.000000" m_c="0.000000" m_d="1.200000" m_tx="-119.000000" m_ty="-211.000000"/>
  </frame>
  <frame idx="850" w="263" h="365" x="1.000008" y="-90.999992">
   <element name="new_elixirs_comp" layername="newelixir_lightaura" frame="3" z_index="7" m_a="1.200000" m_b="0.000000" m_c="0.000000" m_d="1.200000" m_tx="-119.000000" m_ty="-211.000000"/>
  </frame>
  <frame idx="875" w="263" h="365" x="1.000008" y="-90.999992">
   <element name="new_elixirs_comp" layername="newelixir_lightaura" frame="3" z_index="7" m_a="1.200000" m_b="0.000000" m_c="0.000000" m_d="1.200000" m_tx="-119.000000" m_ty="-211.000000"/>
  </frame>
  <frame idx="900" w="263" h="365" x="1.000008" y="-90.999992">
   <element name="new_elixirs_comp" layername="newelixir_lightaura" frame="3" z_index="7" m_a="1.200000" m_b="0.000000" m_c="0.000000" m_d="1.200000" m_tx="-119.000000" m_ty="-211.000000"/>
  </frame>
  <frame idx="925" w="263" h="365" x="1.000008" y="-90.999992">
   <element name="new_elixirs_comp" layername="newelixir_lightaura" frame="3" z_index="7" m_a="1.200000" m_b="0.000000" m_c="0.000000" m_d="1.200000" m_tx="-119.000000" m_ty="-211.000000"/>
  </frame>
  <frame idx="950" w="263" h="365" x="1.000008" y="-90.999992">
   <element name="new_elixirs_comp" layername="newelixir_lightaura" frame="3" z_index="7" m_a="1.200000" m_b="0.000000" m_c="0.000000" m_d="1.200000" m_tx="-119.000000" m_ty="-211.000000"/>
  </frame>
  <frame idx="975" w="263" h="365" x="1.000008" y="-90.999992">
   <element name="new_elixirs_comp" layername="newelixir_lightaura" frame="3" z_index="7" m_a="1.200000" m_b="0.000000" m_c="0.000000" m_d="1.200000" m_tx="-119.000000" m_ty="-211.000000"/>
  </frame>
 </anim>
 <anim name="insanitydamage" root="new_elixirs" numframes="1000" framerate="40">
  <frame idx="0" w="262" h="368" x="2.000008" y="-93.999992">
   <element name="new_elixirs_comp" layername="newelixir_insanitydamage" frame="4" z_index="7" m_a="1.200000" m_b="0.000000" m_c="0.000000" m_d="1.200000" m_tx="-118.000000" m_ty="-214.000000"/>
  </frame>
  <frame idx="25" w="262" h="368" x="2.000008" y="-93.999992">
   <element name="new_elixirs_comp" layername="newelixir_insanitydamage" frame="4" z_index="7" m_a="1.200000" m_b="0.000000" m_c="0.000000" m_d="1.200000" m_tx="-118.000000" m_ty="-214.000000"/>
  </frame>
  <frame idx="50" w="262" h="368" x="2.000008" y="-93.999992">
   <element name="new_elixirs_comp" layername="newelixir_insanitydamage" frame="4" z_index="7" m_a="1.200000" m_b="0.000000" m_c="0.000000" m_d="1.200000" m_tx="-118.000000" m_ty="-214.000000"/>
  </frame>
  <frame idx="75" w="262" h="368" x="2.000008" y="-93.999992">
   <element name="new_elixirs_comp" layername="newelixir_insanitydamage" frame="4" z_index="7" m_a="1.200000" m_b="0.000000" m_c="0.000000" m_d="1.200000" m_tx="-118.000000" m_ty="-214.000000"/>
  </frame>
  <frame idx="100" w="262" h="368" x="2.000008" y="-93.999992">
   <element name="new_elixirs_comp" layername="newelixir_insanitydamage" frame="4" z_index="7" m_a="1.200000" m_b="0.000000" m_c="0.000000" m_d="1.200000" m_tx="-118.000000" m_ty="-214.000000"/>
  </frame>
  <frame idx="125" w="262" h="368" x="2.000008" y="-93.999992">
   <element name="new_elixirs_comp" layername="newelixir_insanitydamage" frame="4" z_index="7" m_a="1.200000" m_b="0.000000" m_c="0.000000" m_d="1.200000" m_tx="-118.000000" m_ty="-214.000000"/>
  </frame>
  <frame idx="150" w="262" h="368" x="2.000008" y="-93.999992">
   <element name="new_elixirs_comp" layername="newelixir_insanitydamage" frame="4" z_index="7" m_a="1.200000" m_b="0.000000" m_c="0.000000" m_d="1.200000" m_tx="-118.000000" m_ty="-214.000000"/>
  </frame>
  <frame idx="175" w="262" h="368" x="2.000008" y="-93.999992">
   <element name="new_elixirs_comp" layername="newelixir_insanitydamage" frame="4" z_index="7" m_a="1.200000" m_b="0.000000" m_c="0.000000" m_d="1.200000" m_tx="-118.000000" m_ty="-214.000000"/>
  </frame>
  <frame idx="200" w="262" h="368" x="2.000008" y="-93.999992">
   <element name="new_elixirs_comp" layername="newelixir_insanitydamage" frame="4" z_index="7" m_a="1.200000" m_b="0.000000" m_c="0.000000" m_d="1.200000" m_tx="-118.000000" m_ty="-214.000000"/>
  </frame>
  <frame idx="225" w="262" h="368" x="2.000008" y="-93.999992">
   <element name="new_elixirs_comp" layername="newelixir_insanitydamage" frame="4" z_index="7" m_a="1.200000" m_b="0.000000" m_c="0.000000" m_d="1.200000" m_tx="-118.000000" m_ty="-214.000000"/>
  </frame>
  <frame idx="250" w="262" h="368" x="2.000008" y="-93.999992">
   <element name="new_elixirs_comp" layername="newelixir_insanitydamage" frame="4" z_index="7" m_a="1.200000" m_b="0.000000" m_c="0.000000" m_d="1.200000" m_tx="-118.000000" m_ty="-214.000000"/>
  </frame>
  <frame idx="275" w="262" h="368" x="2.000008" y="-93.999992">
   <element name="new_elixirs_comp" layername="newelixir_insanitydamage" frame="4" z_index="7" m_a="1.200000" m_b="0.000000" m_c="0.000000" m_d="1.200000" m_tx="-118.000000" m_ty="-214.000000"/>
  </frame>
  <frame idx="300" w="262" h="368" x="2.000008" y="-93.999992">
   <element name="new_elixirs_comp" layername="newelixir_insanitydamage" frame="4" z_index="7" m_a="1.200000" m_b="0.000000" m_c="0.000000" m_d="1.200000" m_tx="-118.000000" m_ty="-214.000000"/>
  </frame>
  <frame idx="325" w="262" h="368" x="2.000008" y="-93.999992">
   <element name="new_elixirs_comp" layername="newelixir_insanitydamage" frame="4" z_index="7" m_a="1.200000" m_b="0.000000" m_c="0.000000" m_d="1.200000" m_tx="-118.000000" m_ty="-214.000000"/>
  </frame>
  <frame idx="350" w="262" h="368" x="2.000008" y="-93.999992">
   <element name="new_elixirs_comp" layername="newelixir_insanitydamage" frame="4" z_index="7" m_a="1.200000" m_b="0.000000" m_c="0.000000" m_d="1.200000" m_tx="-118.000000" m_ty="-214.000000"/>
  </frame>
  <frame idx="375" w="262" h="368" x="2.000008" y="-93.999992">
   <element name="new_elixirs_comp" layername="newelixir_insanitydamage" frame="4" z_index="7" m_a="1.200000" m_b="0.000000" m_c="0.000000" m_d="1.200000" m_tx="-118.000000" m_ty="-214.000000"/>
  </frame>
  <frame idx="400" w="262" h="368" x="2.000008" y="-93.999992">
   <element name="new_elixirs_comp" layername="newelixir_insanitydamage" frame="4" z_index="7" m_a="1.200000" m_b="0.000000" m_c="0.000000" m_d="1.200000" m_tx="-118.000000" m_ty="-214.000000"/>
  </frame>
  <frame idx="425" w="262" h="368" x="2.000008" y="-93.999992">
   <element name="new_elixirs_comp" layername="newelixir_insanitydamage" frame="4" z_index="7" m_a="1.200000" m_b="0.000000" m_c="0.000000" m_d="1.200000" m_tx="-118.000000" m_ty="-214.000000"/>
  </frame>
  <frame idx="450" w="262" h="368" x="2.000008" y="-93.999992">
   <element name="new_elixirs_comp" layername="newelixir_insanitydamage" frame="4" z_index="7" m_a="1.200000" m_b="0.000000" m_c="0.000000" m_d="1.200000" m_tx="-118.000000" m_ty="-214.000000"/>
  </frame>
  <frame idx="475" w="262" h="368" x="2.000008" y="-93.999992">
   <element name="new_elixirs_comp" layername="newelixir_insanitydamage" frame="4" z_index="7" m_a="1.200000" m_b="0.000000" m_c="0.000000" m_d="1.200000" m_tx="-118.000000" m_ty="-214.000000"/>
  </frame>
  <frame idx="500" w="262" h="368" x="2.000008" y="-93.999992">
   <element name="new_elixirs_comp" layername="newelixir_insanitydamage" frame="4" z_index="7" m_a="1.200000" m_b="0.000000" m_c="0.000000" m_d="1.200000" m_tx="-118.000000" m_ty="-214.000000"/>
  </frame>
  <frame idx="525" w="262" h="368" x="2.000008" y="-93.999992">
   <element name="new_elixirs_comp" layername="newelixir_insanitydamage" frame="4" z_index="7" m_a="1.200000" m_b="0.000000" m_c="0.000000" m_d="1.200000" m_tx="-118.000000" m_ty="-214.000000"/>
  </frame>
  <frame idx="550" w="262" h="368" x="2.000008" y="-93.999992">
   <element name="new_elixirs_comp" layername="newelixir_insanitydamage" frame="4" z_index="7" m_a="1.200000" m_b="0.000000" m_c="0.000000" m_d="1.200000" m_tx="-118.000000" m_ty="-214.000000"/>
  </frame>
  <frame idx="575" w="262" h="368" x="2.000008" y="-93.999992">
   <element name="new_elixirs_comp" layername="newelixir_insanitydamage" frame="4" z_index="7" m_a="1.200000" m_b="0.000000" m_c="0.000000" m_d="1.200000" m_tx="-118.000000" m_ty="-214.000000"/>
  </frame>
  <frame idx="600" w="262" h="368" x="2.000008" y="-93.999992">
   <element name="new_elixirs_comp" layername="newelixir_insanitydamage" frame="4" z_index="7" m_a="1.200000" m_b="0.000000" m_c="0.000000" m_d="1.200000" m_tx="-118.000000" m_ty="-214.000000"/>
  </frame>
  <frame idx="625" w="262" h="368" x="2.000008" y="-93.999992">
   <element name="new_elixirs_comp" layername="newelixir_insanitydamage" frame="4" z_index="7" m_a="1.200000" m_b="0.000000" m_c="0.000000" m_d="1.200000" m_tx="-118.000000" m_ty="-214.000000"/>
  </frame>
  <frame idx="650" w="262" h="368" x="2.000008" y="-93.999992">
   <element name="new_elixirs_comp" layername="newelixir_insanitydamage" frame="4" z_index="7" m_a="1.200000" m_b="0.000000" m_c="0.000000" m_d="1.200000" m_tx="-118.000000" m_ty="-214.000000"/>
  </frame>
  <frame idx="675" w="262" h="368" x="2.000008" y="-93.999992">
   <element name="new_elixirs_comp" layername="newelixir_insanitydamage" frame="4" z_index="7" m_a="1.200000" m_b="0.000000" m_c="0.000000" m_d="1.200000" m_tx="-118.000000" m_ty="-214.000000"/>
  </frame>
  <frame idx="700" w="262" h="368" x="2.000008" y="-93.999992">
   <element name="new_elixirs_comp" layername="newelixir_insanitydamage" frame="4" z_index="7" m_a="1.200000" m_b="0.000000" m_c="0.000000" m_d="1.200000" m_tx="-118.000000" m_ty="-214.000000"/>
  </frame>
  <frame idx="725" w="262" h="368" x="2.000008" y="-93.999992">
   <element name="new_elixirs_comp" layername="newelixir_insanitydamage" frame="4" z_index="7" m_a="1.200000" m_b="0.000000" m_c="0.000000" m_d="1.200000" m_tx="-118.000000" m_ty="-214.000000"/>
  </frame>
  <frame idx="750" w="262" h="368" x="2.000008" y="-93.999992">
   <element name="new_elixirs_comp" layername="newelixir_insanitydamage" frame="4" z_index="7" m_a="1.200000" m_b="0.000000" m_c="0.000000" m_d="1.200000" m_tx="-118.000000" m_ty="-214.000000"/>
  </frame>
  <frame idx="775" w="262" h="368" x="2.000008" y="-93.999992">
   <element name="new_elixirs_comp" layername="newelixir_insanitydamage" frame="4" z_index="7" m_a="1.200000" m_b="0.000000" m_c="0.000000" m_d="1.200000" m_tx="-118.000000" m_ty="-214.000000"/>
  </frame>
  <frame idx="800" w="262" h="368" x="2.000008" y="-93.999992">
   <element name="new_elixirs_comp" layername="newelixir_insanitydamage" frame="4" z_index="7" m_a="1.200000" m_b="0.000000" m_c="0.000000" m_d="1.200000" m_tx="-118.000000" m_ty="-214.000000"/>
  </frame>
  <frame idx="825" w="262" h="368" x="2.000008" y="-93.999992">
   <element name="new_elixirs_comp" layername="newelixir_insanitydamage" frame="4" z_index="7" m_a="1.200000" m_b="0.000000" m_c="0.000000" m_d="1.200000" m_tx="-118.000000" m_ty="-214.000000"/>
  </frame>
  <frame idx="850" w="262" h="368" x="2.000008" y="-93.999992">
   <element name="new_elixirs_comp" layername="newelixir_insanitydamage" frame="4" z_index="7" m_a="1.200000" m_b="0.000000" m_c="0.000000" m_d="1.200000" m_tx="-118.000000" m_ty="-214.000000"/>
  </frame>
  <frame idx="875" w="262" h="368" x="2.000008" y="-93.999992">
   <element name="new_elixirs_comp" layername="newelixir_insanitydamage" frame="4" z_index="7" m_a="1.200000" m_b="0.000000" m_c="0.000000" m_d="1.200000" m_tx="-118.000000" m_ty="-214.000000"/>
  </frame>
  <frame idx="900" w="262" h="368" x="2.000008" y="-93.999992">
   <element name="new_elixirs_comp" layername="newelixir_insanitydamage" frame="4" z_index="7" m_a="1.200000" m_b="0.000000" m_c="0.000000" m_d="1.200000" m_tx="-118.000000" m_ty="-214.000000"/>
  </frame>
  <frame idx="925" w="262" h="368" x="2.000008" y="-93.999992">
   <element name="new_elixirs_comp" layername="newelixir_insanitydamage" frame="4" z_index="7" m_a="1.200000" m_b="0.000000" m_c="0.000000" m_d="1.200000" m_tx="-118.000000" m_ty="-214.000000"/>
  </frame>
  <frame idx="950" w="262" h="368" x="2.000008" y="-93.999992">
   <element name="new_elixirs_comp" layername="newelixir_insanitydamage" frame="4" z_index="7" m_a="1.200000" m_b="0.000000" m_c="0.000000" m_d="1.200000" m_tx="-118.000000" m_ty="-214.000000"/>
  </frame>
  <frame idx="975" w="262" h="368" x="2.000008" y="-93.999992">
   <element name="new_elixirs_comp" layername="newelixir_insanitydamage" frame="4" z_index="7" m_a="1.200000" m_b="0.000000" m_c="0.000000" m_d="1.200000" m_tx="-118.000000" m_ty="-214.000000"/>
  </frame>
 </anim>
 <anim name="cleanse" root="new_elixirs" numframes="1000" framerate="40">
  <frame idx="0" w="263" h="367" x="1.000008" y="-92.999992">
   <element name="new_elixirs_comp" layername="newelixir_cleanse" frame="5" z_index="7" m_a="1.200000" m_b="0.000000" m_c="0.000000" m_d="1.200000" m_tx="-119.000000" m_ty="-213.000000"/>
  </frame>
  <frame idx="25" w="263" h="367" x="1.000008" y="-92.999992">
   <element name="new_elixirs_comp" layername="newelixir_cleanse" frame="5" z_index="7" m_a="1.200000" m_b="0.000000" m_c="0.000000" m_d="1.200000" m_tx="-119.000000" m_ty="-213.000000"/>
  </frame>
  <frame idx="50" w="263" h="367" x="1.000008" y="-92.999992">
   <element name="new_elixirs_comp" layername="newelixir_cleanse" frame="5" z_index="7" m_a="1.200000" m_b="0.000000" m_c="0.000000" m_d="1.200000" m_tx="-119.000000" m_ty="-213.000000"/>
  </frame>
  <frame idx="75" w="263" h="367" x="1.000008" y="-92.999992">
   <element name="new_elixirs_comp" layername="newelixir_cleanse" frame="5" z_index="7" m_a="1.200000" m_b="0.000000" m_c="0.000000" m_d="1.200000" m_tx="-119.000000" m_ty="-213.000000"/>
  </frame>
  <frame idx="100" w="263" h="367" x="1.000008" y="-92.999992">
   <element name="new_elixirs_comp" layername="newelixir_cleanse" frame="5" z_index="7" m_a="1.200000" m_b="0.000000" m_c="0.000000" m_d="1.200000" m_tx="-119.000000" m_ty="-213.000000"/>
  </frame>
  <frame idx="125" w="263" h="367" x="1.000008" y="-92.999992">
   <element name="new_elixirs_comp" layername="newelixir_cleanse" frame="5" z_index="7" m_a="1.200000" m_b="0.000000" m_c="0.000000" m_d="1.200000" m_tx="-119.000000" m_ty="-213.000000"/>
  </frame>
  <frame idx="150" w="263" h="367" x="1.000008" y="-92.999992">
   <element name="new_elixirs_comp" layername="newelixir_cleanse" frame="5" z_index="7" m_a="1.200000" m_b="0.000000" m_c="0.000000" m_d="1.200000" m_tx="-119.000000" m_ty="-213.000000"/>
  </frame>
  <frame idx="175" w="263" h="367" x="1.000008" y="-92.999992">
   <element name="new_elixirs_comp" layername="newelixir_cleanse" frame="5" z_index="7" m_a="1.200000" m_b="0.000000" m_c="0.000000" m_d="1.200000" m_tx="-119.000000" m_ty="-213.000000"/>
  </frame>
  <frame idx="200" w="263" h="367" x="1.000008" y="-92.999992">
   <element name="new_elixirs_comp" layername="newelixir_cleanse" frame="5" z_index="7" m_a="1.200000" m_b="0.000000" m_c="0.000000" m_d="1.200000" m_tx="-119.000000" m_ty="-213.000000"/>
  </frame>
  <frame idx="225" w="263" h="367" x="1.000008" y="-92.999992">
   <element name="new_elixirs_comp" layername="newelixir_cleanse" frame="5" z_index="7" m_a="1.200000" m_b="0.000000" m_c="0.000000" m_d="1.200000" m_tx="-119.000000" m_ty="-213.000000"/>
  </frame>
  <frame idx="250" w="263" h="367" x="1.000008" y="-92.999992">
   <element name="new_elixirs_comp" layername="newelixir_cleanse" frame="5" z_index="7" m_a="1.200000" m_b="0.000000" m_c="0.000000" m_d="1.200000" m_tx="-119.000000" m_ty="-213.000000"/>
  </frame>
  <frame idx="275" w="263" h="367" x="1.000008" y="-92.999992">
   <element name="new_elixirs_comp" layername="newelixir_cleanse" frame="5" z_index="7" m_a="1.200000" m_b="0.000000" m_c="0.000000" m_d="1.200000" m_tx="-119.000000" m_ty="-213.000000"/>
  </frame>
  <frame idx="300" w="263" h="367" x="1.000008" y="-92.999992">
   <element name="new_elixirs_comp" layername="newelixir_cleanse" frame="5" z_index="7" m_a="1.200000" m_b="0.000000" m_c="0.000000" m_d="1.200000" m_tx="-119.000000" m_ty="-213.000000"/>
  </frame>
  <frame idx="325" w="263" h="367" x="1.000008" y="-92.999992">
   <element name="new_elixirs_comp" layername="newelixir_cleanse" frame="5" z_index="7" m_a="1.200000" m_b="0.000000" m_c="0.000000" m_d="1.200000" m_tx="-119.000000" m_ty="-213.000000"/>
  </frame>
  <frame idx="350" w="263" h="367" x="1.000008" y="-92.999992">
   <element name="new_elixirs_comp" layername="newelixir_cleanse" frame="5" z_index="7" m_a="1.200000" m_b="0.000000" m_c="0.000000" m_d="1.200000" m_tx="-119.000000" m_ty="-213.000000"/>
  </frame>
  <frame idx="375" w="263" h="367" x="1.000008" y="-92.999992">
   <element name="new_elixirs_comp" layername="newelixir_cleanse" frame="5" z_index="7" m_a="1.200000" m_b="0.000000" m_c="0.000000" m_d="1.200000" m_tx="-119.000000" m_ty="-213.000000"/>
  </frame>
  <frame idx="400" w="263" h="367" x="1.000008" y="-92.999992">
   <element name="new_elixirs_comp" layername="newelixir_cleanse" frame="5" z_index="7" m_a="1.200000" m_b="0.000000" m_c="0.000000" m_d="1.200000" m_tx="-119.000000" m_ty="-213.000000"/>
  </frame>
  <frame idx="425" w="263" h="367" x="1.000008" y="-92.999992">
   <element name="new_elixirs_comp" layername="newelixir_cleanse" frame="5" z_index="7" m_a="1.200000" m_b="0.000000" m_c="0.000000" m_d="1.200000" m_tx="-119.000000" m_ty="-213.000000"/>
  </frame>
  <frame idx="450" w="263" h="367" x="1.000008" y="-92.999992">
   <element name="new_elixirs_comp" layername="newelixir_cleanse" frame="5" z_index="7" m_a="1.200000" m_b="0.000000" m_c="0.000000" m_d="1.200000" m_tx="-119.000000" m_ty="-213.000000"/>
  </frame>
  <frame idx="475" w="263" h="367" x="1.000008" y="-92.999992">
   <element name="new_elixirs_comp" layername="newelixir_cleanse" frame="5" z_index="7" m_a="1.200000" m_b="0.000000" m_c="0.000000" m_d="1.200000" m_tx="-119.000000" m_ty="-213.000000"/>
  </frame>
  <frame idx="500" w="263" h="367" x="1.000008" y="-92.999992">
   <element name="new_elixirs_comp" layername="newelixir_cleanse" frame="5" z_index="7" m_a="1.200000" m_b="0.000000" m_c="0.000000" m_d="1.200000" m_tx="-119.000000" m_ty="-213.000000"/>
  </frame>
  <frame idx="525" w="263" h="367" x="1.000008" y="-92.999992">
   <element name="new_elixirs_comp" layername="newelixir_cleanse" frame="5" z_index="7" m_a="1.200000" m_b="0.000000" m_c="0.000000" m_d="1.200000" m_tx="-119.000000" m_ty="-213.000000"/>
  </frame>
  <frame idx="550" w="263" h="367" x="1.000008" y="-92.999992">
   <element name="new_elixirs_comp" layername="newelixir_cleanse" frame="5" z_index="7" m_a="1.200000" m_b="0.000000" m_c="0.000000" m_d="1.200000" m_tx="-119.000000" m_ty="-213.000000"/>
  </frame>
  <frame idx="575" w="263" h="367" x="1.000008" y="-92.999992">
   <element name="new_elixirs_comp" layername="newelixir_cleanse" frame="5" z_index="7" m_a="1.200000" m_b="0.000000" m_c="0.000000" m_d="1.200000" m_tx="-119.000000" m_ty="-213.000000"/>
  </frame>
  <frame idx="600" w="263" h="367" x="1.000008" y="-92.999992">
   <element name="new_elixirs_comp" layername="newelixir_cleanse" frame="5" z_index="7" m_a="1.200000" m_b="0.000000" m_c="0.000000" m_d="1.200000" m_tx="-119.000000" m_ty="-213.000000"/>
  </frame>
  <frame idx="625" w="263" h="367" x="1.000008" y="-92.999992">
   <element name="new_elixirs_comp" layername="newelixir_cleanse" frame="5" z_index="7" m_a="1.200000" m_b="0.000000" m_c="0.000000" m_d="1.200000" m_tx="-119.000000" m_ty="-213.000000"/>
  </frame>
  <frame idx="650" w="263" h="367" x="1.000008" y="-92.999992">
   <element name="new_elixirs_comp" layername="newelixir_cleanse" frame="5" z_index="7" m_a="1.200000" m_b="0.000000" m_c="0.000000" m_d="1.200000" m_tx="-119.000000" m_ty="-213.000000"/>
  </frame>
  <frame idx="675" w="263" h="367" x="1.000008" y="-92.999992">
   <element name="new_elixirs_comp" layername="newelixir_cleanse" frame="5" z_index="7" m_a="1.200000" m_b="0.000000" m_c="0.000000" m_d="1.200000" m_tx="-119.000000" m_ty="-213.000000"/>
  </frame>
  <frame idx="700" w="263" h="367" x="1.000008" y="-92.999992">
   <element name="new_elixirs_comp" layername="newelixir_cleanse" frame="5" z_index="7" m_a="1.200000" m_b="0.000000" m_c="0.000000" m_d="1.200000" m_tx="-119.000000" m_ty="-213.000000"/>
  </frame>
  <frame idx="725" w="263" h="367" x="1.000008" y="-92.999992">
   <element name="new_elixirs_comp" layername="newelixir_cleanse" frame="5" z_index="7" m_a="1.200000" m_b="0.000000" m_c="0.000000" m_d="1.200000" m_tx="-119.000000" m_ty="-213.000000"/>
  </frame>
  <frame idx="750" w="263" h="367" x="1.000008" y="-92.999992">
   <element name="new_elixirs_comp" layername="newelixir_cleanse" frame="5" z_index="7" m_a="1.200000" m_b="0.000000" m_c="0.000000" m_d="1.200000" m_tx="-119.000000" m_ty="-213.000000"/>
  </frame>
  <frame idx="775" w="263" h="367" x="1.000008" y="-92.999992">
   <element name="new_elixirs_comp" layername="newelixir_cleanse" frame="5" z_index="7" m_a="1.200000" m_b="0.000000" m_c="0.000000" m_d="1.200000" m_tx="-119.000000" m_ty="-213.000000"/>
  </frame>
  <frame idx="800" w="263" h="367" x="1.000008" y="-92.999992">
   <element name="new_elixirs_comp" layername="newelixir_cleanse" frame="5" z_index="7" m_a="1.200000" m_b="0.000000" m_c="0.000000" m_d="1.200000" m_tx="-119.000000" m_ty="-213.000000"/>
  </frame>
  <frame idx="825" w="263" h="367" x="1.000008" y="-92.999992">
   <element name="new_elixirs_comp" layername="newelixir_cleanse" frame="5" z_index="7" m_a="1.200000" m_b="0.000000" m_c="0.000000" m_d="1.200000" m_tx="-119.000000" m_ty="-213.000000"/>
  </frame>
  <frame idx="850" w="263" h="367" x="1.000008" y="-92.999992">
   <element name="new_elixirs_comp" layername="newelixir_cleanse" frame="5" z_index="7" m_a="1.200000" m_b="0.000000" m_c="0.000000" m_d="1.200000" m_tx="-119.000000" m_ty="-213.000000"/>
  </frame>
  <frame idx="875" w="263" h="367" x="1.000008" y="-92.999992">
   <element name="new_elixirs_comp" layername="newelixir_cleanse" frame="5" z_index="7" m_a="1.200000" m_b="0.000000" m_c="0.000000" m_d="1.200000" m_tx="-119.000000" m_ty="-213.000000"/>
  </frame>
  <frame idx="900" w="263" h="367" x="1.000008" y="-92.999992">
   <element name="new_elixirs_comp" layername="newelixir_cleanse" frame="5" z_index="7" m_a="1.200000" m_b="0.000000" m_c="0.000000" m_d="1.200000" m_tx="-119.000000" m_ty="-213.000000"/>
  </frame>
  <frame idx="925" w="263" h="367" x="1.000008" y="-92.999992">
   <element name="new_elixirs_comp" layername="newelixir_cleanse" frame="5" z_index="7" m_a="1.200000" m_b="0.000000" m_c="0.000000" m_d="1.200000" m_tx="-119.000000" m_ty="-213.000000"/>
  </frame>
  <frame idx="950" w="263" h="367" x="1.000008" y="-92.999992">
   <element name="new_elixirs_comp" layername="newelixir_cleanse" frame="5" z_index="7" m_a="1.200000" m_b="0.000000" m_c="0.000000" m_d="1.200000" m_tx="-119.000000" m_ty="-213.000000"/>
  </frame>
  <frame idx="975" w="263" h="367" x="1.000008" y="-92.999992">
   <element name="new_elixirs_comp" layername="newelixir_cleanse" frame="5" z_index="7" m_a="1.200000" m_b="0.000000" m_c="0.000000" m_d="1.200000" m_tx="-119.000000" m_ty="-213.000000"/>
  </frame>
 </anim>
</Anims>
