<Anims>
 <anim name="dug_90s" root="gravestone" numframes="25" framerate="40">
  <frame idx="0" w="508" h="165" x="-8.423691" y="-21.699463">
   <element name="gravestone01" layername="graveston" frame="5" z_index="10" m_a="1.000000" m_b="0.000000" m_c="0.000000" m_d="1.000000" m_tx="-0.699000" m_ty="1.600000"/>
  </frame>
 </anim>
 <anim name="grave1_90s" root="gravestone" numframes="25" framerate="40">
  <frame idx="0" w="281" h="373" x="1.976448" y="-98.624512">
   <element name="gravestone01" layername="graveston" frame="0" z_index="10" m_a="1.000000" m_b="0.000000" m_c="0.000000" m_d="1.000000" m_tx="-0.699000" m_ty="1.600000"/>
  </frame>
 </anim>
 <anim name="grave1_hit_90s" root="gravestone" numframes="150" framerate="40">
  <frame idx="0" w="281" h="373" x="1.976448" y="-98.624512">
   <element name="gravestone01" layername="graveston" frame="0" z_index="10" m_a="1.000000" m_b="0.000000" m_c="0.000000" m_d="1.000000" m_tx="-0.699000" m_ty="1.600000"/>
  </frame>
  <frame idx="25" w="293" h="360" x="13.534477" y="-107.448364">
   <element name="gravestone01" layername="graveston" frame="0" z_index="10" m_a="1.090297" m_b="0.000000" m_c="0.000000" m_d="0.911518" m_tx="-0.699000" m_ty="3.394028"/>
  </frame>
  <frame idx="50" w="291" h="372" x="11.606102" y="-99.726677">
   <element name="gravestone01" layername="graveston" frame="0" z_index="10" m_a="1.075232" m_b="0.000000" m_c="0.000000" m_d="0.988948" m_tx="-0.699000" m_ty="1.824090"/>
  </frame>
  <frame idx="75" w="279" h="393" x="0.569305" y="-85.794205">
   <element name="gravestone01" layername="graveston" frame="0" z_index="10" m_a="0.989007" m_b="0.000000" m_c="0.000000" m_d="1.128657" m_tx="-0.699000" m_ty="-1.008593"/>
  </frame>
  <frame idx="100" w="263" h="405" x="-13.702400" y="-78.440948">
   <element name="gravestone01" layername="graveston" frame="0" z_index="10" m_a="0.877509" m_b="0.000000" m_c="0.000000" m_d="1.202393" m_tx="-0.699000" m_ty="-2.503620"/>
  </frame>
  <frame idx="125" w="270" h="393" x="-7.852081" y="-85.972137">
   <element name="gravestone01" layername="graveston" frame="0" z_index="10" m_a="0.923215" m_b="0.000000" m_c="0.000000" m_d="1.126873" m_tx="-0.699000" m_ty="-0.972418"/>
  </frame>
 </anim>
 <anim name="grave2_90s" root="gravestone" numframes="25" framerate="40">
  <frame idx="0" w="256" h="515" x="4.676613" y="-139.649475">
   <element name="gravestone01" layername="graveston" frame="1" z_index="10" m_a="1.000000" m_b="0.000000" m_c="0.000000" m_d="1.000000" m_tx="-0.699000" m_ty="1.600000"/>
  </frame>
 </anim>
 <anim name="grave2_hit_90s" root="gravestone" numframes="150" framerate="40">
  <frame idx="0" w="256" h="515" x="4.676613" y="-139.649475">
   <element name="gravestone01" layername="graveston" frame="1" z_index="10" m_a="1.000000" m_b="0.000000" m_c="0.000000" m_d="1.000000" m_tx="-0.699000" m_ty="1.600000"/>
  </frame>
  <frame idx="25" w="271" h="502" x="18.693535" y="-149.110229">
   <element name="gravestone01" layername="graveston" frame="1" z_index="10" m_a="1.118788" m_b="0.000000" m_c="0.000000" m_d="0.932783" m_tx="-0.699000" m_ty="3.162821"/>
  </frame>
  <frame idx="50" w="274" h="502" x="21.866508" y="-148.931000">
   <element name="gravestone01" layername="graveston" frame="1" z_index="10" m_a="1.145677" m_b="0.000000" m_c="0.000000" m_d="0.934057" m_tx="-0.699000" m_ty="3.133214"/>
  </frame>
  <frame idx="75" w="263" h="516" x="11.759422" y="-139.360107">
   <element name="gravestone01" layername="graveston" frame="1" z_index="10" m_a="1.060024" m_b="0.000000" m_c="0.000000" m_d="1.002056" m_tx="-0.699000" m_ty="1.552188"/>
  </frame>
  <frame idx="100" w="236" h="542" x="-13.605835" y="-121.354584">
   <element name="gravestone01" layername="graveston" frame="1" z_index="10" m_a="0.845064" m_b="0.000000" m_c="0.000000" m_d="1.129982" m_tx="-0.699000" m_ty="-1.422148"/>
  </frame>
  <frame idx="125" w="242" h="532" x="-6.784035" y="-128.181061">
   <element name="gravestone01" layername="graveston" frame="1" z_index="10" m_a="0.902876" m_b="0.000000" m_c="0.000000" m_d="1.081481" m_tx="-0.699000" m_ty="-0.294481"/>
  </frame>
 </anim>
 <anim name="grave3_90s" root="gravestone" numframes="25" framerate="40">
  <frame idx="0" w="217" h="549" x="15.301491" y="-154.049500">
   <element name="gravestone01" layername="graveston" frame="2" z_index="10" m_a="1.000000" m_b="0.000000" m_c="0.000000" m_d="1.000000" m_tx="-0.699000" m_ty="1.600000"/>
  </frame>
 </anim>
 <anim name="grave3_hit_90s" root="gravestone" numframes="150" framerate="40">
  <frame idx="0" w="217" h="549" x="15.301491" y="-154.049500">
   <element name="gravestone01" layername="graveston" frame="2" z_index="10" m_a="1.000000" m_b="0.000000" m_c="0.000000" m_d="1.000000" m_tx="-0.699000" m_ty="1.600000"/>
  </frame>
  <frame idx="25" w="244" h="535" x="38.830376" y="-164.053223">
   <element name="gravestone01" layername="graveston" frame="2" z_index="10" m_a="1.221971" m_b="0.000000" m_c="0.000000" m_d="0.935522" m_tx="-0.699000" m_ty="2.686491"/>
  </frame>
  <frame idx="50" w="241" h="534" x="36.784279" y="-165.231918">
   <element name="gravestone01" layername="graveston" frame="2" z_index="10" m_a="1.202668" m_b="0.000000" m_c="0.000000" m_d="0.927925" m_tx="-0.699000" m_ty="2.814506"/>
  </frame>
  <frame idx="75" w="225" h="545" x="21.754463" y="-156.601151">
   <element name="gravestone01" layername="graveston" frame="2" z_index="10" m_a="1.060877" m_b="0.000000" m_c="0.000000" m_d="0.983554" m_tx="-0.699000" m_ty="1.877134"/>
  </frame>
  <frame idx="100" w="212" h="570" x="9.704269" y="-137.674088">
   <element name="gravestone01" layername="graveston" frame="2" z_index="10" m_a="0.947196" m_b="0.000000" m_c="0.000000" m_d="1.105546" m_tx="-0.699000" m_ty="-0.178506"/>
  </frame>
  <frame idx="125" w="214" h="563" x="11.792786" y="-143.784302">
   <element name="gravestone01" layername="graveston" frame="2" z_index="10" m_a="0.966899" m_b="0.000000" m_c="0.000000" m_d="1.066163" m_tx="-0.699000" m_ty="0.485116"/>
  </frame>
 </anim>
 <anim name="grave4_90s" root="gravestone" numframes="25" framerate="40">
  <frame idx="0" w="249" h="550" x="-5.723579" y="-151.024475">
   <element name="gravestone01" layername="graveston" frame="3" z_index="10" m_a="1.000000" m_b="0.000000" m_c="0.000000" m_d="1.000000" m_tx="-0.699000" m_ty="1.600000"/>
  </frame>
 </anim>
 <anim name="grave4_hit_90s" root="gravestone" numframes="150" framerate="40">
  <frame idx="0" w="249" h="550" x="-5.723579" y="-151.024475">
   <element name="gravestone01" layername="graveston" frame="3" z_index="10" m_a="1.000000" m_b="0.000000" m_c="0.000000" m_d="1.000000" m_tx="-0.699000" m_ty="1.600000"/>
  </frame>
  <frame idx="25" w="274" h="536" x="16.627769" y="-160.392212">
   <element name="gravestone01" layername="graveston" frame="3" z_index="10" m_a="1.203194" m_b="0.000000" m_c="0.000000" m_d="0.938421" m_tx="-0.699000" m_ty="2.947088"/>
  </frame>
  <frame idx="50" w="280" h="534" x="21.824486" y="-162.460052">
   <element name="gravestone01" layername="graveston" frame="3" z_index="10" m_a="1.250437" m_b="0.000000" m_c="0.000000" m_d="0.924828" m_tx="-0.699000" m_ty="3.244443"/>
  </frame>
  <frame idx="75" w="264" h="543" x="8.252495" y="-156.247116">
   <element name="gravestone01" layername="graveston" frame="3" z_index="10" m_a="1.127055" m_b="0.000000" m_c="0.000000" m_d="0.965669" m_tx="-0.699000" m_ty="2.351016"/>
  </frame>
  <frame idx="100" w="228" h="564" x="-24.697922" y="-141.163193">
   <element name="gravestone01" layername="graveston" frame="3" z_index="10" m_a="0.827506" m_b="0.000000" m_c="0.000000" m_d="1.064824" m_tx="-0.699000" m_ty="0.181936"/>
  </frame>
  <frame idx="125" w="236" h="558" x="-17.617943" y="-144.842773">
   <element name="gravestone01" layername="graveston" frame="3" z_index="10" m_a="0.891869" m_b="0.000000" m_c="0.000000" m_d="1.040636" m_tx="-0.699000" m_ty="0.711064"/>
  </frame>
 </anim>
 <anim name="gravedirt_90s" root="gravestone" numframes="25" framerate="40">
  <frame idx="0" w="295" h="113" x="16.501450" y="-13.274467">
   <element name="gravestone01" layername="graveston" frame="4" z_index="10" m_a="1.000000" m_b="0.000000" m_c="0.000000" m_d="1.000000" m_tx="-0.699000" m_ty="1.600000"/>
  </frame>
 </anim>
</Anims>
