<Anims>
 <anim name="buff_idle" root="status_abigail" numframes="1000" framerate="40">
  <frame idx="0" w="99" h="130" x="22.147732" y="-16.552383">
   <element name="newelixir_shadowfighter_buff" layername="newelixir_shadowfighter_buff" frame="0" z_index="6" m_a="0.900000" m_b="0.000000" m_c="0.000000" m_d="0.900000" m_tx="-9.075927" m_ty="5.871243"/>
   <element name="newelixir_sanityaura_buff" layername="newelixir_sanityaura_buff" frame="0" z_index="5" m_a="0.900000" m_b="0.000000" m_c="0.000000" m_d="0.900000" m_tx="30.341860" m_ty="11.556605"/>
   <element name="newelixir_lightning_buff" layername="newelixir_lightning_buff" frame="0" z_index="4" m_a="0.900000" m_b="0.000000" m_c="0.000000" m_d="0.900000" m_tx="29.349020" m_ty="-27.877098"/>
   <element name="newelixir_lightaura_buff" layername="newelixir_lightaura_buff" frame="0" z_index="3" m_a="0.900000" m_b="0.000000" m_c="0.000000" m_d="0.900000" m_tx="-20.268135" m_ty="-31.326775"/>
   <element name="newelixir_insanitydamage_buff" layername="newelixir_insanitydamage_buff" frame="0" z_index="2" m_a="0.900000" m_b="0.000000" m_c="0.000000" m_d="0.900000" m_tx="14.245835" m_ty="-57.799294"/>
   <element name="newelixir_healthdamage_buff" layername="newelixir_healthdamage_buff" frame="0" z_index="1" m_a="0.900000" m_b="0.000000" m_c="0.000000" m_d="0.900000" m_tx="63.539303" m_ty="-12.944466"/>
  </frame>
  <frame idx="25" w="99" h="130" x="22.147732" y="-16.552383">
   <element name="newelixir_shadowfighter_buff" layername="newelixir_shadowfighter_buff" frame="0" z_index="6" m_a="0.900000" m_b="0.000000" m_c="0.000000" m_d="0.900000" m_tx="-9.075927" m_ty="5.871243"/>
   <element name="newelixir_sanityaura_buff" layername="newelixir_sanityaura_buff" frame="0" z_index="5" m_a="0.900000" m_b="0.000000" m_c="0.000000" m_d="0.900000" m_tx="30.341860" m_ty="11.556605"/>
   <element name="newelixir_lightning_buff" layername="newelixir_lightning_buff" frame="0" z_index="4" m_a="0.900000" m_b="0.000000" m_c="0.000000" m_d="0.900000" m_tx="29.349020" m_ty="-27.877098"/>
   <element name="newelixir_lightaura_buff" layername="newelixir_lightaura_buff" frame="0" z_index="3" m_a="0.900000" m_b="0.000000" m_c="0.000000" m_d="0.900000" m_tx="-20.268135" m_ty="-31.326775"/>
   <element name="newelixir_insanitydamage_buff" layername="newelixir_insanitydamage_buff" frame="0" z_index="2" m_a="0.900000" m_b="0.000000" m_c="0.000000" m_d="0.900000" m_tx="14.245835" m_ty="-57.799294"/>
   <element name="newelixir_healthdamage_buff" layername="newelixir_healthdamage_buff" frame="0" z_index="1" m_a="0.900000" m_b="0.000000" m_c="0.000000" m_d="0.900000" m_tx="63.539303" m_ty="-12.944466"/>
  </frame>
  <frame idx="50" w="99" h="130" x="22.147732" y="-16.552383">
   <element name="newelixir_shadowfighter_buff" layername="newelixir_shadowfighter_buff" frame="0" z_index="6" m_a="0.900000" m_b="0.000000" m_c="0.000000" m_d="0.900000" m_tx="-9.075927" m_ty="5.871243"/>
   <element name="newelixir_sanityaura_buff" layername="newelixir_sanityaura_buff" frame="0" z_index="5" m_a="0.900000" m_b="0.000000" m_c="0.000000" m_d="0.900000" m_tx="30.341860" m_ty="11.556605"/>
   <element name="newelixir_lightning_buff" layername="newelixir_lightning_buff" frame="0" z_index="4" m_a="0.900000" m_b="0.000000" m_c="0.000000" m_d="0.900000" m_tx="29.349020" m_ty="-27.877098"/>
   <element name="newelixir_lightaura_buff" layername="newelixir_lightaura_buff" frame="0" z_index="3" m_a="0.900000" m_b="0.000000" m_c="0.000000" m_d="0.900000" m_tx="-20.268135" m_ty="-31.326775"/>
   <element name="newelixir_insanitydamage_buff" layername="newelixir_insanitydamage_buff" frame="0" z_index="2" m_a="0.900000" m_b="0.000000" m_c="0.000000" m_d="0.900000" m_tx="14.245835" m_ty="-57.799294"/>
   <element name="newelixir_healthdamage_buff" layername="newelixir_healthdamage_buff" frame="0" z_index="1" m_a="0.900000" m_b="0.000000" m_c="0.000000" m_d="0.900000" m_tx="63.539303" m_ty="-12.944466"/>
  </frame>
  <frame idx="75" w="99" h="130" x="22.147732" y="-16.552383">
   <element name="newelixir_shadowfighter_buff" layername="newelixir_shadowfighter_buff" frame="0" z_index="6" m_a="0.900000" m_b="0.000000" m_c="0.000000" m_d="0.900000" m_tx="-9.075927" m_ty="5.871243"/>
   <element name="newelixir_sanityaura_buff" layername="newelixir_sanityaura_buff" frame="0" z_index="5" m_a="0.900000" m_b="0.000000" m_c="0.000000" m_d="0.900000" m_tx="30.341860" m_ty="11.556605"/>
   <element name="newelixir_lightning_buff" layername="newelixir_lightning_buff" frame="0" z_index="4" m_a="0.900000" m_b="0.000000" m_c="0.000000" m_d="0.900000" m_tx="29.349020" m_ty="-27.877098"/>
   <element name="newelixir_lightaura_buff" layername="newelixir_lightaura_buff" frame="0" z_index="3" m_a="0.900000" m_b="0.000000" m_c="0.000000" m_d="0.900000" m_tx="-20.268135" m_ty="-31.326775"/>
   <element name="newelixir_insanitydamage_buff" layername="newelixir_insanitydamage_buff" frame="0" z_index="2" m_a="0.900000" m_b="0.000000" m_c="0.000000" m_d="0.900000" m_tx="14.245835" m_ty="-57.799294"/>
   <element name="newelixir_healthdamage_buff" layername="newelixir_healthdamage_buff" frame="0" z_index="1" m_a="0.900000" m_b="0.000000" m_c="0.000000" m_d="0.900000" m_tx="63.539303" m_ty="-12.944466"/>
  </frame>
  <frame idx="100" w="99" h="130" x="22.147732" y="-16.552383">
   <element name="newelixir_shadowfighter_buff" layername="newelixir_shadowfighter_buff" frame="0" z_index="6" m_a="0.900000" m_b="0.000000" m_c="0.000000" m_d="0.900000" m_tx="-9.075927" m_ty="5.871243"/>
   <element name="newelixir_sanityaura_buff" layername="newelixir_sanityaura_buff" frame="0" z_index="5" m_a="0.900000" m_b="0.000000" m_c="0.000000" m_d="0.900000" m_tx="30.341860" m_ty="11.556605"/>
   <element name="newelixir_lightning_buff" layername="newelixir_lightning_buff" frame="0" z_index="4" m_a="0.900000" m_b="0.000000" m_c="0.000000" m_d="0.900000" m_tx="29.349020" m_ty="-27.877098"/>
   <element name="newelixir_lightaura_buff" layername="newelixir_lightaura_buff" frame="0" z_index="3" m_a="0.900000" m_b="0.000000" m_c="0.000000" m_d="0.900000" m_tx="-20.268135" m_ty="-31.326775"/>
   <element name="newelixir_insanitydamage_buff" layername="newelixir_insanitydamage_buff" frame="0" z_index="2" m_a="0.900000" m_b="0.000000" m_c="0.000000" m_d="0.900000" m_tx="14.245835" m_ty="-57.799294"/>
   <element name="newelixir_healthdamage_buff" layername="newelixir_healthdamage_buff" frame="0" z_index="1" m_a="0.900000" m_b="0.000000" m_c="0.000000" m_d="0.900000" m_tx="63.539303" m_ty="-12.944466"/>
  </frame>
  <frame idx="125" w="99" h="130" x="22.147732" y="-16.552383">
   <element name="newelixir_shadowfighter_buff" layername="newelixir_shadowfighter_buff" frame="0" z_index="6" m_a="0.900000" m_b="0.000000" m_c="0.000000" m_d="0.900000" m_tx="-9.075927" m_ty="5.871243"/>
   <element name="newelixir_sanityaura_buff" layername="newelixir_sanityaura_buff" frame="0" z_index="5" m_a="0.900000" m_b="0.000000" m_c="0.000000" m_d="0.900000" m_tx="30.341860" m_ty="11.556605"/>
   <element name="newelixir_lightning_buff" layername="newelixir_lightning_buff" frame="0" z_index="4" m_a="0.900000" m_b="0.000000" m_c="0.000000" m_d="0.900000" m_tx="29.349020" m_ty="-27.877098"/>
   <element name="newelixir_lightaura_buff" layername="newelixir_lightaura_buff" frame="0" z_index="3" m_a="0.900000" m_b="0.000000" m_c="0.000000" m_d="0.900000" m_tx="-20.268135" m_ty="-31.326775"/>
   <element name="newelixir_insanitydamage_buff" layername="newelixir_insanitydamage_buff" frame="0" z_index="2" m_a="0.900000" m_b="0.000000" m_c="0.000000" m_d="0.900000" m_tx="14.245835" m_ty="-57.799294"/>
   <element name="newelixir_healthdamage_buff" layername="newelixir_healthdamage_buff" frame="0" z_index="1" m_a="0.900000" m_b="0.000000" m_c="0.000000" m_d="0.900000" m_tx="63.539303" m_ty="-12.944466"/>
  </frame>
  <frame idx="150" w="99" h="130" x="22.147732" y="-16.552383">
   <element name="newelixir_shadowfighter_buff" layername="newelixir_shadowfighter_buff" frame="0" z_index="6" m_a="0.900000" m_b="0.000000" m_c="0.000000" m_d="0.900000" m_tx="-9.075927" m_ty="5.871243"/>
   <element name="newelixir_sanityaura_buff" layername="newelixir_sanityaura_buff" frame="0" z_index="5" m_a="0.900000" m_b="0.000000" m_c="0.000000" m_d="0.900000" m_tx="30.341860" m_ty="11.556605"/>
   <element name="newelixir_lightning_buff" layername="newelixir_lightning_buff" frame="0" z_index="4" m_a="0.900000" m_b="0.000000" m_c="0.000000" m_d="0.900000" m_tx="29.349020" m_ty="-27.877098"/>
   <element name="newelixir_lightaura_buff" layername="newelixir_lightaura_buff" frame="0" z_index="3" m_a="0.900000" m_b="0.000000" m_c="0.000000" m_d="0.900000" m_tx="-20.268135" m_ty="-31.326775"/>
   <element name="newelixir_insanitydamage_buff" layername="newelixir_insanitydamage_buff" frame="0" z_index="2" m_a="0.900000" m_b="0.000000" m_c="0.000000" m_d="0.900000" m_tx="14.245835" m_ty="-57.799294"/>
   <element name="newelixir_healthdamage_buff" layername="newelixir_healthdamage_buff" frame="0" z_index="1" m_a="0.900000" m_b="0.000000" m_c="0.000000" m_d="0.900000" m_tx="63.539303" m_ty="-12.944466"/>
  </frame>
  <frame idx="175" w="99" h="130" x="22.147732" y="-16.552383">
   <element name="newelixir_shadowfighter_buff" layername="newelixir_shadowfighter_buff" frame="0" z_index="6" m_a="0.900000" m_b="0.000000" m_c="0.000000" m_d="0.900000" m_tx="-9.075927" m_ty="5.871243"/>
   <element name="newelixir_sanityaura_buff" layername="newelixir_sanityaura_buff" frame="0" z_index="5" m_a="0.900000" m_b="0.000000" m_c="0.000000" m_d="0.900000" m_tx="30.341860" m_ty="11.556605"/>
   <element name="newelixir_lightning_buff" layername="newelixir_lightning_buff" frame="0" z_index="4" m_a="0.900000" m_b="0.000000" m_c="0.000000" m_d="0.900000" m_tx="29.349020" m_ty="-27.877098"/>
   <element name="newelixir_lightaura_buff" layername="newelixir_lightaura_buff" frame="0" z_index="3" m_a="0.900000" m_b="0.000000" m_c="0.000000" m_d="0.900000" m_tx="-20.268135" m_ty="-31.326775"/>
   <element name="newelixir_insanitydamage_buff" layername="newelixir_insanitydamage_buff" frame="0" z_index="2" m_a="0.900000" m_b="0.000000" m_c="0.000000" m_d="0.900000" m_tx="14.245835" m_ty="-57.799294"/>
   <element name="newelixir_healthdamage_buff" layername="newelixir_healthdamage_buff" frame="0" z_index="1" m_a="0.900000" m_b="0.000000" m_c="0.000000" m_d="0.900000" m_tx="63.539303" m_ty="-12.944466"/>
  </frame>
  <frame idx="200" w="99" h="130" x="22.147732" y="-16.552383">
   <element name="newelixir_shadowfighter_buff" layername="newelixir_shadowfighter_buff" frame="0" z_index="6" m_a="0.900000" m_b="0.000000" m_c="0.000000" m_d="0.900000" m_tx="-9.075927" m_ty="5.871243"/>
   <element name="newelixir_sanityaura_buff" layername="newelixir_sanityaura_buff" frame="0" z_index="5" m_a="0.900000" m_b="0.000000" m_c="0.000000" m_d="0.900000" m_tx="30.341860" m_ty="11.556605"/>
   <element name="newelixir_lightning_buff" layername="newelixir_lightning_buff" frame="0" z_index="4" m_a="0.900000" m_b="0.000000" m_c="0.000000" m_d="0.900000" m_tx="29.349020" m_ty="-27.877098"/>
   <element name="newelixir_lightaura_buff" layername="newelixir_lightaura_buff" frame="0" z_index="3" m_a="0.900000" m_b="0.000000" m_c="0.000000" m_d="0.900000" m_tx="-20.268135" m_ty="-31.326775"/>
   <element name="newelixir_insanitydamage_buff" layername="newelixir_insanitydamage_buff" frame="0" z_index="2" m_a="0.900000" m_b="0.000000" m_c="0.000000" m_d="0.900000" m_tx="14.245835" m_ty="-57.799294"/>
   <element name="newelixir_healthdamage_buff" layername="newelixir_healthdamage_buff" frame="0" z_index="1" m_a="0.900000" m_b="0.000000" m_c="0.000000" m_d="0.900000" m_tx="63.539303" m_ty="-12.944466"/>
  </frame>
  <frame idx="225" w="99" h="130" x="22.147732" y="-16.552383">
   <element name="newelixir_shadowfighter_buff" layername="newelixir_shadowfighter_buff" frame="0" z_index="6" m_a="0.900000" m_b="0.000000" m_c="0.000000" m_d="0.900000" m_tx="-9.075927" m_ty="5.871243"/>
   <element name="newelixir_sanityaura_buff" layername="newelixir_sanityaura_buff" frame="0" z_index="5" m_a="0.900000" m_b="0.000000" m_c="0.000000" m_d="0.900000" m_tx="30.341860" m_ty="11.556605"/>
   <element name="newelixir_lightning_buff" layername="newelixir_lightning_buff" frame="0" z_index="4" m_a="0.900000" m_b="0.000000" m_c="0.000000" m_d="0.900000" m_tx="29.349020" m_ty="-27.877098"/>
   <element name="newelixir_lightaura_buff" layername="newelixir_lightaura_buff" frame="0" z_index="3" m_a="0.900000" m_b="0.000000" m_c="0.000000" m_d="0.900000" m_tx="-20.268135" m_ty="-31.326775"/>
   <element name="newelixir_insanitydamage_buff" layername="newelixir_insanitydamage_buff" frame="0" z_index="2" m_a="0.900000" m_b="0.000000" m_c="0.000000" m_d="0.900000" m_tx="14.245835" m_ty="-57.799294"/>
   <element name="newelixir_healthdamage_buff" layername="newelixir_healthdamage_buff" frame="0" z_index="1" m_a="0.900000" m_b="0.000000" m_c="0.000000" m_d="0.900000" m_tx="63.539303" m_ty="-12.944466"/>
  </frame>
  <frame idx="250" w="99" h="130" x="22.147732" y="-16.552383">
   <element name="newelixir_shadowfighter_buff" layername="newelixir_shadowfighter_buff" frame="0" z_index="6" m_a="0.900000" m_b="0.000000" m_c="0.000000" m_d="0.900000" m_tx="-9.075927" m_ty="5.871243"/>
   <element name="newelixir_sanityaura_buff" layername="newelixir_sanityaura_buff" frame="0" z_index="5" m_a="0.900000" m_b="0.000000" m_c="0.000000" m_d="0.900000" m_tx="30.341860" m_ty="11.556605"/>
   <element name="newelixir_lightning_buff" layername="newelixir_lightning_buff" frame="0" z_index="4" m_a="0.900000" m_b="0.000000" m_c="0.000000" m_d="0.900000" m_tx="29.349020" m_ty="-27.877098"/>
   <element name="newelixir_lightaura_buff" layername="newelixir_lightaura_buff" frame="0" z_index="3" m_a="0.900000" m_b="0.000000" m_c="0.000000" m_d="0.900000" m_tx="-20.268135" m_ty="-31.326775"/>
   <element name="newelixir_insanitydamage_buff" layername="newelixir_insanitydamage_buff" frame="0" z_index="2" m_a="0.900000" m_b="0.000000" m_c="0.000000" m_d="0.900000" m_tx="14.245835" m_ty="-57.799294"/>
   <element name="newelixir_healthdamage_buff" layername="newelixir_healthdamage_buff" frame="0" z_index="1" m_a="0.900000" m_b="0.000000" m_c="0.000000" m_d="0.900000" m_tx="63.539303" m_ty="-12.944466"/>
  </frame>
  <frame idx="275" w="99" h="130" x="22.147732" y="-16.552383">
   <element name="newelixir_shadowfighter_buff" layername="newelixir_shadowfighter_buff" frame="0" z_index="6" m_a="0.900000" m_b="0.000000" m_c="0.000000" m_d="0.900000" m_tx="-9.075927" m_ty="5.871243"/>
   <element name="newelixir_sanityaura_buff" layername="newelixir_sanityaura_buff" frame="0" z_index="5" m_a="0.900000" m_b="0.000000" m_c="0.000000" m_d="0.900000" m_tx="30.341860" m_ty="11.556605"/>
   <element name="newelixir_lightning_buff" layername="newelixir_lightning_buff" frame="0" z_index="4" m_a="0.900000" m_b="0.000000" m_c="0.000000" m_d="0.900000" m_tx="29.349020" m_ty="-27.877098"/>
   <element name="newelixir_lightaura_buff" layername="newelixir_lightaura_buff" frame="0" z_index="3" m_a="0.900000" m_b="0.000000" m_c="0.000000" m_d="0.900000" m_tx="-20.268135" m_ty="-31.326775"/>
   <element name="newelixir_insanitydamage_buff" layername="newelixir_insanitydamage_buff" frame="0" z_index="2" m_a="0.900000" m_b="0.000000" m_c="0.000000" m_d="0.900000" m_tx="14.245835" m_ty="-57.799294"/>
   <element name="newelixir_healthdamage_buff" layername="newelixir_healthdamage_buff" frame="0" z_index="1" m_a="0.900000" m_b="0.000000" m_c="0.000000" m_d="0.900000" m_tx="63.539303" m_ty="-12.944466"/>
  </frame>
  <frame idx="300" w="99" h="130" x="22.147732" y="-16.552383">
   <element name="newelixir_shadowfighter_buff" layername="newelixir_shadowfighter_buff" frame="0" z_index="6" m_a="0.900000" m_b="0.000000" m_c="0.000000" m_d="0.900000" m_tx="-9.075927" m_ty="5.871243"/>
   <element name="newelixir_sanityaura_buff" layername="newelixir_sanityaura_buff" frame="0" z_index="5" m_a="0.900000" m_b="0.000000" m_c="0.000000" m_d="0.900000" m_tx="30.341860" m_ty="11.556605"/>
   <element name="newelixir_lightning_buff" layername="newelixir_lightning_buff" frame="0" z_index="4" m_a="0.900000" m_b="0.000000" m_c="0.000000" m_d="0.900000" m_tx="29.349020" m_ty="-27.877098"/>
   <element name="newelixir_lightaura_buff" layername="newelixir_lightaura_buff" frame="0" z_index="3" m_a="0.900000" m_b="0.000000" m_c="0.000000" m_d="0.900000" m_tx="-20.268135" m_ty="-31.326775"/>
   <element name="newelixir_insanitydamage_buff" layername="newelixir_insanitydamage_buff" frame="0" z_index="2" m_a="0.900000" m_b="0.000000" m_c="0.000000" m_d="0.900000" m_tx="14.245835" m_ty="-57.799294"/>
   <element name="newelixir_healthdamage_buff" layername="newelixir_healthdamage_buff" frame="0" z_index="1" m_a="0.900000" m_b="0.000000" m_c="0.000000" m_d="0.900000" m_tx="63.539303" m_ty="-12.944466"/>
  </frame>
  <frame idx="325" w="99" h="130" x="22.147732" y="-16.552383">
   <element name="newelixir_shadowfighter_buff" layername="newelixir_shadowfighter_buff" frame="0" z_index="6" m_a="0.900000" m_b="0.000000" m_c="0.000000" m_d="0.900000" m_tx="-9.075927" m_ty="5.871243"/>
   <element name="newelixir_sanityaura_buff" layername="newelixir_sanityaura_buff" frame="0" z_index="5" m_a="0.900000" m_b="0.000000" m_c="0.000000" m_d="0.900000" m_tx="30.341860" m_ty="11.556605"/>
   <element name="newelixir_lightning_buff" layername="newelixir_lightning_buff" frame="0" z_index="4" m_a="0.900000" m_b="0.000000" m_c="0.000000" m_d="0.900000" m_tx="29.349020" m_ty="-27.877098"/>
   <element name="newelixir_lightaura_buff" layername="newelixir_lightaura_buff" frame="0" z_index="3" m_a="0.900000" m_b="0.000000" m_c="0.000000" m_d="0.900000" m_tx="-20.268135" m_ty="-31.326775"/>
   <element name="newelixir_insanitydamage_buff" layername="newelixir_insanitydamage_buff" frame="0" z_index="2" m_a="0.900000" m_b="0.000000" m_c="0.000000" m_d="0.900000" m_tx="14.245835" m_ty="-57.799294"/>
   <element name="newelixir_healthdamage_buff" layername="newelixir_healthdamage_buff" frame="0" z_index="1" m_a="0.900000" m_b="0.000000" m_c="0.000000" m_d="0.900000" m_tx="63.539303" m_ty="-12.944466"/>
  </frame>
  <frame idx="350" w="99" h="130" x="22.147732" y="-16.552383">
   <element name="newelixir_shadowfighter_buff" layername="newelixir_shadowfighter_buff" frame="0" z_index="6" m_a="0.900000" m_b="0.000000" m_c="0.000000" m_d="0.900000" m_tx="-9.075927" m_ty="5.871243"/>
   <element name="newelixir_sanityaura_buff" layername="newelixir_sanityaura_buff" frame="0" z_index="5" m_a="0.900000" m_b="0.000000" m_c="0.000000" m_d="0.900000" m_tx="30.341860" m_ty="11.556605"/>
   <element name="newelixir_lightning_buff" layername="newelixir_lightning_buff" frame="0" z_index="4" m_a="0.900000" m_b="0.000000" m_c="0.000000" m_d="0.900000" m_tx="29.349020" m_ty="-27.877098"/>
   <element name="newelixir_lightaura_buff" layername="newelixir_lightaura_buff" frame="0" z_index="3" m_a="0.900000" m_b="0.000000" m_c="0.000000" m_d="0.900000" m_tx="-20.268135" m_ty="-31.326775"/>
   <element name="newelixir_insanitydamage_buff" layername="newelixir_insanitydamage_buff" frame="0" z_index="2" m_a="0.900000" m_b="0.000000" m_c="0.000000" m_d="0.900000" m_tx="14.245835" m_ty="-57.799294"/>
   <element name="newelixir_healthdamage_buff" layername="newelixir_healthdamage_buff" frame="0" z_index="1" m_a="0.900000" m_b="0.000000" m_c="0.000000" m_d="0.900000" m_tx="63.539303" m_ty="-12.944466"/>
  </frame>
  <frame idx="375" w="99" h="130" x="22.147732" y="-16.552383">
   <element name="newelixir_shadowfighter_buff" layername="newelixir_shadowfighter_buff" frame="0" z_index="6" m_a="0.900000" m_b="0.000000" m_c="0.000000" m_d="0.900000" m_tx="-9.075927" m_ty="5.871243"/>
   <element name="newelixir_sanityaura_buff" layername="newelixir_sanityaura_buff" frame="0" z_index="5" m_a="0.900000" m_b="0.000000" m_c="0.000000" m_d="0.900000" m_tx="30.341860" m_ty="11.556605"/>
   <element name="newelixir_lightning_buff" layername="newelixir_lightning_buff" frame="0" z_index="4" m_a="0.900000" m_b="0.000000" m_c="0.000000" m_d="0.900000" m_tx="29.349020" m_ty="-27.877098"/>
   <element name="newelixir_lightaura_buff" layername="newelixir_lightaura_buff" frame="0" z_index="3" m_a="0.900000" m_b="0.000000" m_c="0.000000" m_d="0.900000" m_tx="-20.268135" m_ty="-31.326775"/>
   <element name="newelixir_insanitydamage_buff" layername="newelixir_insanitydamage_buff" frame="0" z_index="2" m_a="0.900000" m_b="0.000000" m_c="0.000000" m_d="0.900000" m_tx="14.245835" m_ty="-57.799294"/>
   <element name="newelixir_healthdamage_buff" layername="newelixir_healthdamage_buff" frame="0" z_index="1" m_a="0.900000" m_b="0.000000" m_c="0.000000" m_d="0.900000" m_tx="63.539303" m_ty="-12.944466"/>
  </frame>
  <frame idx="400" w="99" h="130" x="22.147732" y="-16.552383">
   <element name="newelixir_shadowfighter_buff" layername="newelixir_shadowfighter_buff" frame="0" z_index="6" m_a="0.900000" m_b="0.000000" m_c="0.000000" m_d="0.900000" m_tx="-9.075927" m_ty="5.871243"/>
   <element name="newelixir_sanityaura_buff" layername="newelixir_sanityaura_buff" frame="0" z_index="5" m_a="0.900000" m_b="0.000000" m_c="0.000000" m_d="0.900000" m_tx="30.341860" m_ty="11.556605"/>
   <element name="newelixir_lightning_buff" layername="newelixir_lightning_buff" frame="0" z_index="4" m_a="0.900000" m_b="0.000000" m_c="0.000000" m_d="0.900000" m_tx="29.349020" m_ty="-27.877098"/>
   <element name="newelixir_lightaura_buff" layername="newelixir_lightaura_buff" frame="0" z_index="3" m_a="0.900000" m_b="0.000000" m_c="0.000000" m_d="0.900000" m_tx="-20.268135" m_ty="-31.326775"/>
   <element name="newelixir_insanitydamage_buff" layername="newelixir_insanitydamage_buff" frame="0" z_index="2" m_a="0.900000" m_b="0.000000" m_c="0.000000" m_d="0.900000" m_tx="14.245835" m_ty="-57.799294"/>
   <element name="newelixir_healthdamage_buff" layername="newelixir_healthdamage_buff" frame="0" z_index="1" m_a="0.900000" m_b="0.000000" m_c="0.000000" m_d="0.900000" m_tx="63.539303" m_ty="-12.944466"/>
  </frame>
  <frame idx="425" w="99" h="130" x="22.147732" y="-16.552383">
   <element name="newelixir_shadowfighter_buff" layername="newelixir_shadowfighter_buff" frame="0" z_index="6" m_a="0.900000" m_b="0.000000" m_c="0.000000" m_d="0.900000" m_tx="-9.075927" m_ty="5.871243"/>
   <element name="newelixir_sanityaura_buff" layername="newelixir_sanityaura_buff" frame="0" z_index="5" m_a="0.900000" m_b="0.000000" m_c="0.000000" m_d="0.900000" m_tx="30.341860" m_ty="11.556605"/>
   <element name="newelixir_lightning_buff" layername="newelixir_lightning_buff" frame="0" z_index="4" m_a="0.900000" m_b="0.000000" m_c="0.000000" m_d="0.900000" m_tx="29.349020" m_ty="-27.877098"/>
   <element name="newelixir_lightaura_buff" layername="newelixir_lightaura_buff" frame="0" z_index="3" m_a="0.900000" m_b="0.000000" m_c="0.000000" m_d="0.900000" m_tx="-20.268135" m_ty="-31.326775"/>
   <element name="newelixir_insanitydamage_buff" layername="newelixir_insanitydamage_buff" frame="0" z_index="2" m_a="0.900000" m_b="0.000000" m_c="0.000000" m_d="0.900000" m_tx="14.245835" m_ty="-57.799294"/>
   <element name="newelixir_healthdamage_buff" layername="newelixir_healthdamage_buff" frame="0" z_index="1" m_a="0.900000" m_b="0.000000" m_c="0.000000" m_d="0.900000" m_tx="63.539303" m_ty="-12.944466"/>
  </frame>
  <frame idx="450" w="99" h="130" x="22.147732" y="-16.552383">
   <element name="newelixir_shadowfighter_buff" layername="newelixir_shadowfighter_buff" frame="0" z_index="6" m_a="0.900000" m_b="0.000000" m_c="0.000000" m_d="0.900000" m_tx="-9.075927" m_ty="5.871243"/>
   <element name="newelixir_sanityaura_buff" layername="newelixir_sanityaura_buff" frame="0" z_index="5" m_a="0.900000" m_b="0.000000" m_c="0.000000" m_d="0.900000" m_tx="30.341860" m_ty="11.556605"/>
   <element name="newelixir_lightning_buff" layername="newelixir_lightning_buff" frame="0" z_index="4" m_a="0.900000" m_b="0.000000" m_c="0.000000" m_d="0.900000" m_tx="29.349020" m_ty="-27.877098"/>
   <element name="newelixir_lightaura_buff" layername="newelixir_lightaura_buff" frame="0" z_index="3" m_a="0.900000" m_b="0.000000" m_c="0.000000" m_d="0.900000" m_tx="-20.268135" m_ty="-31.326775"/>
   <element name="newelixir_insanitydamage_buff" layername="newelixir_insanitydamage_buff" frame="0" z_index="2" m_a="0.900000" m_b="0.000000" m_c="0.000000" m_d="0.900000" m_tx="14.245835" m_ty="-57.799294"/>
   <element name="newelixir_healthdamage_buff" layername="newelixir_healthdamage_buff" frame="0" z_index="1" m_a="0.900000" m_b="0.000000" m_c="0.000000" m_d="0.900000" m_tx="63.539303" m_ty="-12.944466"/>
  </frame>
  <frame idx="475" w="99" h="130" x="22.147732" y="-16.552383">
   <element name="newelixir_shadowfighter_buff" layername="newelixir_shadowfighter_buff" frame="0" z_index="6" m_a="0.900000" m_b="0.000000" m_c="0.000000" m_d="0.900000" m_tx="-9.075927" m_ty="5.871243"/>
   <element name="newelixir_sanityaura_buff" layername="newelixir_sanityaura_buff" frame="0" z_index="5" m_a="0.900000" m_b="0.000000" m_c="0.000000" m_d="0.900000" m_tx="30.341860" m_ty="11.556605"/>
   <element name="newelixir_lightning_buff" layername="newelixir_lightning_buff" frame="0" z_index="4" m_a="0.900000" m_b="0.000000" m_c="0.000000" m_d="0.900000" m_tx="29.349020" m_ty="-27.877098"/>
   <element name="newelixir_lightaura_buff" layername="newelixir_lightaura_buff" frame="0" z_index="3" m_a="0.900000" m_b="0.000000" m_c="0.000000" m_d="0.900000" m_tx="-20.268135" m_ty="-31.326775"/>
   <element name="newelixir_insanitydamage_buff" layername="newelixir_insanitydamage_buff" frame="0" z_index="2" m_a="0.900000" m_b="0.000000" m_c="0.000000" m_d="0.900000" m_tx="14.245835" m_ty="-57.799294"/>
   <element name="newelixir_healthdamage_buff" layername="newelixir_healthdamage_buff" frame="0" z_index="1" m_a="0.900000" m_b="0.000000" m_c="0.000000" m_d="0.900000" m_tx="63.539303" m_ty="-12.944466"/>
  </frame>
  <frame idx="500" w="99" h="130" x="22.147732" y="-16.552383">
   <element name="newelixir_shadowfighter_buff" layername="newelixir_shadowfighter_buff" frame="0" z_index="6" m_a="0.900000" m_b="0.000000" m_c="0.000000" m_d="0.900000" m_tx="-9.075927" m_ty="5.871243"/>
   <element name="newelixir_sanityaura_buff" layername="newelixir_sanityaura_buff" frame="0" z_index="5" m_a="0.900000" m_b="0.000000" m_c="0.000000" m_d="0.900000" m_tx="30.341860" m_ty="11.556605"/>
   <element name="newelixir_lightning_buff" layername="newelixir_lightning_buff" frame="0" z_index="4" m_a="0.900000" m_b="0.000000" m_c="0.000000" m_d="0.900000" m_tx="29.349020" m_ty="-27.877098"/>
   <element name="newelixir_lightaura_buff" layername="newelixir_lightaura_buff" frame="0" z_index="3" m_a="0.900000" m_b="0.000000" m_c="0.000000" m_d="0.900000" m_tx="-20.268135" m_ty="-31.326775"/>
   <element name="newelixir_insanitydamage_buff" layername="newelixir_insanitydamage_buff" frame="0" z_index="2" m_a="0.900000" m_b="0.000000" m_c="0.000000" m_d="0.900000" m_tx="14.245835" m_ty="-57.799294"/>
   <element name="newelixir_healthdamage_buff" layername="newelixir_healthdamage_buff" frame="0" z_index="1" m_a="0.900000" m_b="0.000000" m_c="0.000000" m_d="0.900000" m_tx="63.539303" m_ty="-12.944466"/>
  </frame>
  <frame idx="525" w="99" h="130" x="22.147732" y="-16.552383">
   <element name="newelixir_shadowfighter_buff" layername="newelixir_shadowfighter_buff" frame="0" z_index="6" m_a="0.900000" m_b="0.000000" m_c="0.000000" m_d="0.900000" m_tx="-9.075927" m_ty="5.871243"/>
   <element name="newelixir_sanityaura_buff" layername="newelixir_sanityaura_buff" frame="0" z_index="5" m_a="0.900000" m_b="0.000000" m_c="0.000000" m_d="0.900000" m_tx="30.341860" m_ty="11.556605"/>
   <element name="newelixir_lightning_buff" layername="newelixir_lightning_buff" frame="0" z_index="4" m_a="0.900000" m_b="0.000000" m_c="0.000000" m_d="0.900000" m_tx="29.349020" m_ty="-27.877098"/>
   <element name="newelixir_lightaura_buff" layername="newelixir_lightaura_buff" frame="0" z_index="3" m_a="0.900000" m_b="0.000000" m_c="0.000000" m_d="0.900000" m_tx="-20.268135" m_ty="-31.326775"/>
   <element name="newelixir_insanitydamage_buff" layername="newelixir_insanitydamage_buff" frame="0" z_index="2" m_a="0.900000" m_b="0.000000" m_c="0.000000" m_d="0.900000" m_tx="14.245835" m_ty="-57.799294"/>
   <element name="newelixir_healthdamage_buff" layername="newelixir_healthdamage_buff" frame="0" z_index="1" m_a="0.900000" m_b="0.000000" m_c="0.000000" m_d="0.900000" m_tx="63.539303" m_ty="-12.944466"/>
  </frame>
  <frame idx="550" w="99" h="130" x="22.147732" y="-16.552383">
   <element name="newelixir_shadowfighter_buff" layername="newelixir_shadowfighter_buff" frame="0" z_index="6" m_a="0.900000" m_b="0.000000" m_c="0.000000" m_d="0.900000" m_tx="-9.075927" m_ty="5.871243"/>
   <element name="newelixir_sanityaura_buff" layername="newelixir_sanityaura_buff" frame="0" z_index="5" m_a="0.900000" m_b="0.000000" m_c="0.000000" m_d="0.900000" m_tx="30.341860" m_ty="11.556605"/>
   <element name="newelixir_lightning_buff" layername="newelixir_lightning_buff" frame="0" z_index="4" m_a="0.900000" m_b="0.000000" m_c="0.000000" m_d="0.900000" m_tx="29.349020" m_ty="-27.877098"/>
   <element name="newelixir_lightaura_buff" layername="newelixir_lightaura_buff" frame="0" z_index="3" m_a="0.900000" m_b="0.000000" m_c="0.000000" m_d="0.900000" m_tx="-20.268135" m_ty="-31.326775"/>
   <element name="newelixir_insanitydamage_buff" layername="newelixir_insanitydamage_buff" frame="0" z_index="2" m_a="0.900000" m_b="0.000000" m_c="0.000000" m_d="0.900000" m_tx="14.245835" m_ty="-57.799294"/>
   <element name="newelixir_healthdamage_buff" layername="newelixir_healthdamage_buff" frame="0" z_index="1" m_a="0.900000" m_b="0.000000" m_c="0.000000" m_d="0.900000" m_tx="63.539303" m_ty="-12.944466"/>
  </frame>
  <frame idx="575" w="99" h="130" x="22.147732" y="-16.552383">
   <element name="newelixir_shadowfighter_buff" layername="newelixir_shadowfighter_buff" frame="0" z_index="6" m_a="0.900000" m_b="0.000000" m_c="0.000000" m_d="0.900000" m_tx="-9.075927" m_ty="5.871243"/>
   <element name="newelixir_sanityaura_buff" layername="newelixir_sanityaura_buff" frame="0" z_index="5" m_a="0.900000" m_b="0.000000" m_c="0.000000" m_d="0.900000" m_tx="30.341860" m_ty="11.556605"/>
   <element name="newelixir_lightning_buff" layername="newelixir_lightning_buff" frame="0" z_index="4" m_a="0.900000" m_b="0.000000" m_c="0.000000" m_d="0.900000" m_tx="29.349020" m_ty="-27.877098"/>
   <element name="newelixir_lightaura_buff" layername="newelixir_lightaura_buff" frame="0" z_index="3" m_a="0.900000" m_b="0.000000" m_c="0.000000" m_d="0.900000" m_tx="-20.268135" m_ty="-31.326775"/>
   <element name="newelixir_insanitydamage_buff" layername="newelixir_insanitydamage_buff" frame="0" z_index="2" m_a="0.900000" m_b="0.000000" m_c="0.000000" m_d="0.900000" m_tx="14.245835" m_ty="-57.799294"/>
   <element name="newelixir_healthdamage_buff" layername="newelixir_healthdamage_buff" frame="0" z_index="1" m_a="0.900000" m_b="0.000000" m_c="0.000000" m_d="0.900000" m_tx="63.539303" m_ty="-12.944466"/>
  </frame>
  <frame idx="600" w="99" h="130" x="22.147732" y="-16.552383">
   <element name="newelixir_shadowfighter_buff" layername="newelixir_shadowfighter_buff" frame="0" z_index="6" m_a="0.900000" m_b="0.000000" m_c="0.000000" m_d="0.900000" m_tx="-9.075927" m_ty="5.871243"/>
   <element name="newelixir_sanityaura_buff" layername="newelixir_sanityaura_buff" frame="0" z_index="5" m_a="0.900000" m_b="0.000000" m_c="0.000000" m_d="0.900000" m_tx="30.341860" m_ty="11.556605"/>
   <element name="newelixir_lightning_buff" layername="newelixir_lightning_buff" frame="0" z_index="4" m_a="0.900000" m_b="0.000000" m_c="0.000000" m_d="0.900000" m_tx="29.349020" m_ty="-27.877098"/>
   <element name="newelixir_lightaura_buff" layername="newelixir_lightaura_buff" frame="0" z_index="3" m_a="0.900000" m_b="0.000000" m_c="0.000000" m_d="0.900000" m_tx="-20.268135" m_ty="-31.326775"/>
   <element name="newelixir_insanitydamage_buff" layername="newelixir_insanitydamage_buff" frame="0" z_index="2" m_a="0.900000" m_b="0.000000" m_c="0.000000" m_d="0.900000" m_tx="14.245835" m_ty="-57.799294"/>
   <element name="newelixir_healthdamage_buff" layername="newelixir_healthdamage_buff" frame="0" z_index="1" m_a="0.900000" m_b="0.000000" m_c="0.000000" m_d="0.900000" m_tx="63.539303" m_ty="-12.944466"/>
  </frame>
  <frame idx="625" w="99" h="130" x="22.147732" y="-16.552383">
   <element name="newelixir_shadowfighter_buff" layername="newelixir_shadowfighter_buff" frame="0" z_index="6" m_a="0.900000" m_b="0.000000" m_c="0.000000" m_d="0.900000" m_tx="-9.075927" m_ty="5.871243"/>
   <element name="newelixir_sanityaura_buff" layername="newelixir_sanityaura_buff" frame="0" z_index="5" m_a="0.900000" m_b="0.000000" m_c="0.000000" m_d="0.900000" m_tx="30.341860" m_ty="11.556605"/>
   <element name="newelixir_lightning_buff" layername="newelixir_lightning_buff" frame="0" z_index="4" m_a="0.900000" m_b="0.000000" m_c="0.000000" m_d="0.900000" m_tx="29.349020" m_ty="-27.877098"/>
   <element name="newelixir_lightaura_buff" layername="newelixir_lightaura_buff" frame="0" z_index="3" m_a="0.900000" m_b="0.000000" m_c="0.000000" m_d="0.900000" m_tx="-20.268135" m_ty="-31.326775"/>
   <element name="newelixir_insanitydamage_buff" layername="newelixir_insanitydamage_buff" frame="0" z_index="2" m_a="0.900000" m_b="0.000000" m_c="0.000000" m_d="0.900000" m_tx="14.245835" m_ty="-57.799294"/>
   <element name="newelixir_healthdamage_buff" layername="newelixir_healthdamage_buff" frame="0" z_index="1" m_a="0.900000" m_b="0.000000" m_c="0.000000" m_d="0.900000" m_tx="63.539303" m_ty="-12.944466"/>
  </frame>
  <frame idx="650" w="99" h="130" x="22.147732" y="-16.552383">
   <element name="newelixir_shadowfighter_buff" layername="newelixir_shadowfighter_buff" frame="0" z_index="6" m_a="0.900000" m_b="0.000000" m_c="0.000000" m_d="0.900000" m_tx="-9.075927" m_ty="5.871243"/>
   <element name="newelixir_sanityaura_buff" layername="newelixir_sanityaura_buff" frame="0" z_index="5" m_a="0.900000" m_b="0.000000" m_c="0.000000" m_d="0.900000" m_tx="30.341860" m_ty="11.556605"/>
   <element name="newelixir_lightning_buff" layername="newelixir_lightning_buff" frame="0" z_index="4" m_a="0.900000" m_b="0.000000" m_c="0.000000" m_d="0.900000" m_tx="29.349020" m_ty="-27.877098"/>
   <element name="newelixir_lightaura_buff" layername="newelixir_lightaura_buff" frame="0" z_index="3" m_a="0.900000" m_b="0.000000" m_c="0.000000" m_d="0.900000" m_tx="-20.268135" m_ty="-31.326775"/>
   <element name="newelixir_insanitydamage_buff" layername="newelixir_insanitydamage_buff" frame="0" z_index="2" m_a="0.900000" m_b="0.000000" m_c="0.000000" m_d="0.900000" m_tx="14.245835" m_ty="-57.799294"/>
   <element name="newelixir_healthdamage_buff" layername="newelixir_healthdamage_buff" frame="0" z_index="1" m_a="0.900000" m_b="0.000000" m_c="0.000000" m_d="0.900000" m_tx="63.539303" m_ty="-12.944466"/>
  </frame>
  <frame idx="675" w="99" h="130" x="22.147732" y="-16.552383">
   <element name="newelixir_shadowfighter_buff" layername="newelixir_shadowfighter_buff" frame="0" z_index="6" m_a="0.900000" m_b="0.000000" m_c="0.000000" m_d="0.900000" m_tx="-9.075927" m_ty="5.871243"/>
   <element name="newelixir_sanityaura_buff" layername="newelixir_sanityaura_buff" frame="0" z_index="5" m_a="0.900000" m_b="0.000000" m_c="0.000000" m_d="0.900000" m_tx="30.341860" m_ty="11.556605"/>
   <element name="newelixir_lightning_buff" layername="newelixir_lightning_buff" frame="0" z_index="4" m_a="0.900000" m_b="0.000000" m_c="0.000000" m_d="0.900000" m_tx="29.349020" m_ty="-27.877098"/>
   <element name="newelixir_lightaura_buff" layername="newelixir_lightaura_buff" frame="0" z_index="3" m_a="0.900000" m_b="0.000000" m_c="0.000000" m_d="0.900000" m_tx="-20.268135" m_ty="-31.326775"/>
   <element name="newelixir_insanitydamage_buff" layername="newelixir_insanitydamage_buff" frame="0" z_index="2" m_a="0.900000" m_b="0.000000" m_c="0.000000" m_d="0.900000" m_tx="14.245835" m_ty="-57.799294"/>
   <element name="newelixir_healthdamage_buff" layername="newelixir_healthdamage_buff" frame="0" z_index="1" m_a="0.900000" m_b="0.000000" m_c="0.000000" m_d="0.900000" m_tx="63.539303" m_ty="-12.944466"/>
  </frame>
  <frame idx="700" w="99" h="130" x="22.147732" y="-16.552383">
   <element name="newelixir_shadowfighter_buff" layername="newelixir_shadowfighter_buff" frame="0" z_index="6" m_a="0.900000" m_b="0.000000" m_c="0.000000" m_d="0.900000" m_tx="-9.075927" m_ty="5.871243"/>
   <element name="newelixir_sanityaura_buff" layername="newelixir_sanityaura_buff" frame="0" z_index="5" m_a="0.900000" m_b="0.000000" m_c="0.000000" m_d="0.900000" m_tx="30.341860" m_ty="11.556605"/>
   <element name="newelixir_lightning_buff" layername="newelixir_lightning_buff" frame="0" z_index="4" m_a="0.900000" m_b="0.000000" m_c="0.000000" m_d="0.900000" m_tx="29.349020" m_ty="-27.877098"/>
   <element name="newelixir_lightaura_buff" layername="newelixir_lightaura_buff" frame="0" z_index="3" m_a="0.900000" m_b="0.000000" m_c="0.000000" m_d="0.900000" m_tx="-20.268135" m_ty="-31.326775"/>
   <element name="newelixir_insanitydamage_buff" layername="newelixir_insanitydamage_buff" frame="0" z_index="2" m_a="0.900000" m_b="0.000000" m_c="0.000000" m_d="0.900000" m_tx="14.245835" m_ty="-57.799294"/>
   <element name="newelixir_healthdamage_buff" layername="newelixir_healthdamage_buff" frame="0" z_index="1" m_a="0.900000" m_b="0.000000" m_c="0.000000" m_d="0.900000" m_tx="63.539303" m_ty="-12.944466"/>
  </frame>
  <frame idx="725" w="99" h="130" x="22.147732" y="-16.552383">
   <element name="newelixir_shadowfighter_buff" layername="newelixir_shadowfighter_buff" frame="0" z_index="6" m_a="0.900000" m_b="0.000000" m_c="0.000000" m_d="0.900000" m_tx="-9.075927" m_ty="5.871243"/>
   <element name="newelixir_sanityaura_buff" layername="newelixir_sanityaura_buff" frame="0" z_index="5" m_a="0.900000" m_b="0.000000" m_c="0.000000" m_d="0.900000" m_tx="30.341860" m_ty="11.556605"/>
   <element name="newelixir_lightning_buff" layername="newelixir_lightning_buff" frame="0" z_index="4" m_a="0.900000" m_b="0.000000" m_c="0.000000" m_d="0.900000" m_tx="29.349020" m_ty="-27.877098"/>
   <element name="newelixir_lightaura_buff" layername="newelixir_lightaura_buff" frame="0" z_index="3" m_a="0.900000" m_b="0.000000" m_c="0.000000" m_d="0.900000" m_tx="-20.268135" m_ty="-31.326775"/>
   <element name="newelixir_insanitydamage_buff" layername="newelixir_insanitydamage_buff" frame="0" z_index="2" m_a="0.900000" m_b="0.000000" m_c="0.000000" m_d="0.900000" m_tx="14.245835" m_ty="-57.799294"/>
   <element name="newelixir_healthdamage_buff" layername="newelixir_healthdamage_buff" frame="0" z_index="1" m_a="0.900000" m_b="0.000000" m_c="0.000000" m_d="0.900000" m_tx="63.539303" m_ty="-12.944466"/>
  </frame>
  <frame idx="750" w="99" h="130" x="22.147732" y="-16.552383">
   <element name="newelixir_shadowfighter_buff" layername="newelixir_shadowfighter_buff" frame="0" z_index="6" m_a="0.900000" m_b="0.000000" m_c="0.000000" m_d="0.900000" m_tx="-9.075927" m_ty="5.871243"/>
   <element name="newelixir_sanityaura_buff" layername="newelixir_sanityaura_buff" frame="0" z_index="5" m_a="0.900000" m_b="0.000000" m_c="0.000000" m_d="0.900000" m_tx="30.341860" m_ty="11.556605"/>
   <element name="newelixir_lightning_buff" layername="newelixir_lightning_buff" frame="0" z_index="4" m_a="0.900000" m_b="0.000000" m_c="0.000000" m_d="0.900000" m_tx="29.349020" m_ty="-27.877098"/>
   <element name="newelixir_lightaura_buff" layername="newelixir_lightaura_buff" frame="0" z_index="3" m_a="0.900000" m_b="0.000000" m_c="0.000000" m_d="0.900000" m_tx="-20.268135" m_ty="-31.326775"/>
   <element name="newelixir_insanitydamage_buff" layername="newelixir_insanitydamage_buff" frame="0" z_index="2" m_a="0.900000" m_b="0.000000" m_c="0.000000" m_d="0.900000" m_tx="14.245835" m_ty="-57.799294"/>
   <element name="newelixir_healthdamage_buff" layername="newelixir_healthdamage_buff" frame="0" z_index="1" m_a="0.900000" m_b="0.000000" m_c="0.000000" m_d="0.900000" m_tx="63.539303" m_ty="-12.944466"/>
  </frame>
  <frame idx="775" w="99" h="130" x="22.147732" y="-16.552383">
   <element name="newelixir_shadowfighter_buff" layername="newelixir_shadowfighter_buff" frame="0" z_index="6" m_a="0.900000" m_b="0.000000" m_c="0.000000" m_d="0.900000" m_tx="-9.075927" m_ty="5.871243"/>
   <element name="newelixir_sanityaura_buff" layername="newelixir_sanityaura_buff" frame="0" z_index="5" m_a="0.900000" m_b="0.000000" m_c="0.000000" m_d="0.900000" m_tx="30.341860" m_ty="11.556605"/>
   <element name="newelixir_lightning_buff" layername="newelixir_lightning_buff" frame="0" z_index="4" m_a="0.900000" m_b="0.000000" m_c="0.000000" m_d="0.900000" m_tx="29.349020" m_ty="-27.877098"/>
   <element name="newelixir_lightaura_buff" layername="newelixir_lightaura_buff" frame="0" z_index="3" m_a="0.900000" m_b="0.000000" m_c="0.000000" m_d="0.900000" m_tx="-20.268135" m_ty="-31.326775"/>
   <element name="newelixir_insanitydamage_buff" layername="newelixir_insanitydamage_buff" frame="0" z_index="2" m_a="0.900000" m_b="0.000000" m_c="0.000000" m_d="0.900000" m_tx="14.245835" m_ty="-57.799294"/>
   <element name="newelixir_healthdamage_buff" layername="newelixir_healthdamage_buff" frame="0" z_index="1" m_a="0.900000" m_b="0.000000" m_c="0.000000" m_d="0.900000" m_tx="63.539303" m_ty="-12.944466"/>
  </frame>
  <frame idx="800" w="99" h="130" x="22.147732" y="-16.552383">
   <element name="newelixir_shadowfighter_buff" layername="newelixir_shadowfighter_buff" frame="0" z_index="6" m_a="0.900000" m_b="0.000000" m_c="0.000000" m_d="0.900000" m_tx="-9.075927" m_ty="5.871243"/>
   <element name="newelixir_sanityaura_buff" layername="newelixir_sanityaura_buff" frame="0" z_index="5" m_a="0.900000" m_b="0.000000" m_c="0.000000" m_d="0.900000" m_tx="30.341860" m_ty="11.556605"/>
   <element name="newelixir_lightning_buff" layername="newelixir_lightning_buff" frame="0" z_index="4" m_a="0.900000" m_b="0.000000" m_c="0.000000" m_d="0.900000" m_tx="29.349020" m_ty="-27.877098"/>
   <element name="newelixir_lightaura_buff" layername="newelixir_lightaura_buff" frame="0" z_index="3" m_a="0.900000" m_b="0.000000" m_c="0.000000" m_d="0.900000" m_tx="-20.268135" m_ty="-31.326775"/>
   <element name="newelixir_insanitydamage_buff" layername="newelixir_insanitydamage_buff" frame="0" z_index="2" m_a="0.900000" m_b="0.000000" m_c="0.000000" m_d="0.900000" m_tx="14.245835" m_ty="-57.799294"/>
   <element name="newelixir_healthdamage_buff" layername="newelixir_healthdamage_buff" frame="0" z_index="1" m_a="0.900000" m_b="0.000000" m_c="0.000000" m_d="0.900000" m_tx="63.539303" m_ty="-12.944466"/>
  </frame>
  <frame idx="825" w="99" h="130" x="22.147732" y="-16.552383">
   <element name="newelixir_shadowfighter_buff" layername="newelixir_shadowfighter_buff" frame="0" z_index="6" m_a="0.900000" m_b="0.000000" m_c="0.000000" m_d="0.900000" m_tx="-9.075927" m_ty="5.871243"/>
   <element name="newelixir_sanityaura_buff" layername="newelixir_sanityaura_buff" frame="0" z_index="5" m_a="0.900000" m_b="0.000000" m_c="0.000000" m_d="0.900000" m_tx="30.341860" m_ty="11.556605"/>
   <element name="newelixir_lightning_buff" layername="newelixir_lightning_buff" frame="0" z_index="4" m_a="0.900000" m_b="0.000000" m_c="0.000000" m_d="0.900000" m_tx="29.349020" m_ty="-27.877098"/>
   <element name="newelixir_lightaura_buff" layername="newelixir_lightaura_buff" frame="0" z_index="3" m_a="0.900000" m_b="0.000000" m_c="0.000000" m_d="0.900000" m_tx="-20.268135" m_ty="-31.326775"/>
   <element name="newelixir_insanitydamage_buff" layername="newelixir_insanitydamage_buff" frame="0" z_index="2" m_a="0.900000" m_b="0.000000" m_c="0.000000" m_d="0.900000" m_tx="14.245835" m_ty="-57.799294"/>
   <element name="newelixir_healthdamage_buff" layername="newelixir_healthdamage_buff" frame="0" z_index="1" m_a="0.900000" m_b="0.000000" m_c="0.000000" m_d="0.900000" m_tx="63.539303" m_ty="-12.944466"/>
  </frame>
  <frame idx="850" w="99" h="130" x="22.147732" y="-16.552383">
   <element name="newelixir_shadowfighter_buff" layername="newelixir_shadowfighter_buff" frame="0" z_index="6" m_a="0.900000" m_b="0.000000" m_c="0.000000" m_d="0.900000" m_tx="-9.075927" m_ty="5.871243"/>
   <element name="newelixir_sanityaura_buff" layername="newelixir_sanityaura_buff" frame="0" z_index="5" m_a="0.900000" m_b="0.000000" m_c="0.000000" m_d="0.900000" m_tx="30.341860" m_ty="11.556605"/>
   <element name="newelixir_lightning_buff" layername="newelixir_lightning_buff" frame="0" z_index="4" m_a="0.900000" m_b="0.000000" m_c="0.000000" m_d="0.900000" m_tx="29.349020" m_ty="-27.877098"/>
   <element name="newelixir_lightaura_buff" layername="newelixir_lightaura_buff" frame="0" z_index="3" m_a="0.900000" m_b="0.000000" m_c="0.000000" m_d="0.900000" m_tx="-20.268135" m_ty="-31.326775"/>
   <element name="newelixir_insanitydamage_buff" layername="newelixir_insanitydamage_buff" frame="0" z_index="2" m_a="0.900000" m_b="0.000000" m_c="0.000000" m_d="0.900000" m_tx="14.245835" m_ty="-57.799294"/>
   <element name="newelixir_healthdamage_buff" layername="newelixir_healthdamage_buff" frame="0" z_index="1" m_a="0.900000" m_b="0.000000" m_c="0.000000" m_d="0.900000" m_tx="63.539303" m_ty="-12.944466"/>
  </frame>
  <frame idx="875" w="99" h="130" x="22.147732" y="-16.552383">
   <element name="newelixir_shadowfighter_buff" layername="newelixir_shadowfighter_buff" frame="0" z_index="6" m_a="0.900000" m_b="0.000000" m_c="0.000000" m_d="0.900000" m_tx="-9.075927" m_ty="5.871243"/>
   <element name="newelixir_sanityaura_buff" layername="newelixir_sanityaura_buff" frame="0" z_index="5" m_a="0.900000" m_b="0.000000" m_c="0.000000" m_d="0.900000" m_tx="30.341860" m_ty="11.556605"/>
   <element name="newelixir_lightning_buff" layername="newelixir_lightning_buff" frame="0" z_index="4" m_a="0.900000" m_b="0.000000" m_c="0.000000" m_d="0.900000" m_tx="29.349020" m_ty="-27.877098"/>
   <element name="newelixir_lightaura_buff" layername="newelixir_lightaura_buff" frame="0" z_index="3" m_a="0.900000" m_b="0.000000" m_c="0.000000" m_d="0.900000" m_tx="-20.268135" m_ty="-31.326775"/>
   <element name="newelixir_insanitydamage_buff" layername="newelixir_insanitydamage_buff" frame="0" z_index="2" m_a="0.900000" m_b="0.000000" m_c="0.000000" m_d="0.900000" m_tx="14.245835" m_ty="-57.799294"/>
   <element name="newelixir_healthdamage_buff" layername="newelixir_healthdamage_buff" frame="0" z_index="1" m_a="0.900000" m_b="0.000000" m_c="0.000000" m_d="0.900000" m_tx="63.539303" m_ty="-12.944466"/>
  </frame>
  <frame idx="900" w="99" h="130" x="22.147732" y="-16.552383">
   <element name="newelixir_shadowfighter_buff" layername="newelixir_shadowfighter_buff" frame="0" z_index="6" m_a="0.900000" m_b="0.000000" m_c="0.000000" m_d="0.900000" m_tx="-9.075927" m_ty="5.871243"/>
   <element name="newelixir_sanityaura_buff" layername="newelixir_sanityaura_buff" frame="0" z_index="5" m_a="0.900000" m_b="0.000000" m_c="0.000000" m_d="0.900000" m_tx="30.341860" m_ty="11.556605"/>
   <element name="newelixir_lightning_buff" layername="newelixir_lightning_buff" frame="0" z_index="4" m_a="0.900000" m_b="0.000000" m_c="0.000000" m_d="0.900000" m_tx="29.349020" m_ty="-27.877098"/>
   <element name="newelixir_lightaura_buff" layername="newelixir_lightaura_buff" frame="0" z_index="3" m_a="0.900000" m_b="0.000000" m_c="0.000000" m_d="0.900000" m_tx="-20.268135" m_ty="-31.326775"/>
   <element name="newelixir_insanitydamage_buff" layername="newelixir_insanitydamage_buff" frame="0" z_index="2" m_a="0.900000" m_b="0.000000" m_c="0.000000" m_d="0.900000" m_tx="14.245835" m_ty="-57.799294"/>
   <element name="newelixir_healthdamage_buff" layername="newelixir_healthdamage_buff" frame="0" z_index="1" m_a="0.900000" m_b="0.000000" m_c="0.000000" m_d="0.900000" m_tx="63.539303" m_ty="-12.944466"/>
  </frame>
  <frame idx="925" w="99" h="130" x="22.147732" y="-16.552383">
   <element name="newelixir_shadowfighter_buff" layername="newelixir_shadowfighter_buff" frame="0" z_index="6" m_a="0.900000" m_b="0.000000" m_c="0.000000" m_d="0.900000" m_tx="-9.075927" m_ty="5.871243"/>
   <element name="newelixir_sanityaura_buff" layername="newelixir_sanityaura_buff" frame="0" z_index="5" m_a="0.900000" m_b="0.000000" m_c="0.000000" m_d="0.900000" m_tx="30.341860" m_ty="11.556605"/>
   <element name="newelixir_lightning_buff" layername="newelixir_lightning_buff" frame="0" z_index="4" m_a="0.900000" m_b="0.000000" m_c="0.000000" m_d="0.900000" m_tx="29.349020" m_ty="-27.877098"/>
   <element name="newelixir_lightaura_buff" layername="newelixir_lightaura_buff" frame="0" z_index="3" m_a="0.900000" m_b="0.000000" m_c="0.000000" m_d="0.900000" m_tx="-20.268135" m_ty="-31.326775"/>
   <element name="newelixir_insanitydamage_buff" layername="newelixir_insanitydamage_buff" frame="0" z_index="2" m_a="0.900000" m_b="0.000000" m_c="0.000000" m_d="0.900000" m_tx="14.245835" m_ty="-57.799294"/>
   <element name="newelixir_healthdamage_buff" layername="newelixir_healthdamage_buff" frame="0" z_index="1" m_a="0.900000" m_b="0.000000" m_c="0.000000" m_d="0.900000" m_tx="63.539303" m_ty="-12.944466"/>
  </frame>
  <frame idx="950" w="99" h="130" x="22.147732" y="-16.552383">
   <element name="newelixir_shadowfighter_buff" layername="newelixir_shadowfighter_buff" frame="0" z_index="6" m_a="0.900000" m_b="0.000000" m_c="0.000000" m_d="0.900000" m_tx="-9.075927" m_ty="5.871243"/>
   <element name="newelixir_sanityaura_buff" layername="newelixir_sanityaura_buff" frame="0" z_index="5" m_a="0.900000" m_b="0.000000" m_c="0.000000" m_d="0.900000" m_tx="30.341860" m_ty="11.556605"/>
   <element name="newelixir_lightning_buff" layername="newelixir_lightning_buff" frame="0" z_index="4" m_a="0.900000" m_b="0.000000" m_c="0.000000" m_d="0.900000" m_tx="29.349020" m_ty="-27.877098"/>
   <element name="newelixir_lightaura_buff" layername="newelixir_lightaura_buff" frame="0" z_index="3" m_a="0.900000" m_b="0.000000" m_c="0.000000" m_d="0.900000" m_tx="-20.268135" m_ty="-31.326775"/>
   <element name="newelixir_insanitydamage_buff" layername="newelixir_insanitydamage_buff" frame="0" z_index="2" m_a="0.900000" m_b="0.000000" m_c="0.000000" m_d="0.900000" m_tx="14.245835" m_ty="-57.799294"/>
   <element name="newelixir_healthdamage_buff" layername="newelixir_healthdamage_buff" frame="0" z_index="1" m_a="0.900000" m_b="0.000000" m_c="0.000000" m_d="0.900000" m_tx="63.539303" m_ty="-12.944466"/>
  </frame>
  <frame idx="975" w="99" h="130" x="22.147732" y="-16.552383">
   <element name="newelixir_shadowfighter_buff" layername="newelixir_shadowfighter_buff" frame="0" z_index="6" m_a="0.900000" m_b="0.000000" m_c="0.000000" m_d="0.900000" m_tx="-9.075927" m_ty="5.871243"/>
   <element name="newelixir_sanityaura_buff" layername="newelixir_sanityaura_buff" frame="0" z_index="5" m_a="0.900000" m_b="0.000000" m_c="0.000000" m_d="0.900000" m_tx="30.341860" m_ty="11.556605"/>
   <element name="newelixir_lightning_buff" layername="newelixir_lightning_buff" frame="0" z_index="4" m_a="0.900000" m_b="0.000000" m_c="0.000000" m_d="0.900000" m_tx="29.349020" m_ty="-27.877098"/>
   <element name="newelixir_lightaura_buff" layername="newelixir_lightaura_buff" frame="0" z_index="3" m_a="0.900000" m_b="0.000000" m_c="0.000000" m_d="0.900000" m_tx="-20.268135" m_ty="-31.326775"/>
   <element name="newelixir_insanitydamage_buff" layername="newelixir_insanitydamage_buff" frame="0" z_index="2" m_a="0.900000" m_b="0.000000" m_c="0.000000" m_d="0.900000" m_tx="14.245835" m_ty="-57.799294"/>
   <element name="newelixir_healthdamage_buff" layername="newelixir_healthdamage_buff" frame="0" z_index="1" m_a="0.900000" m_b="0.000000" m_c="0.000000" m_d="0.900000" m_tx="63.539303" m_ty="-12.944466"/>
  </frame>
 </anim>
</Anims>
